Datetime,Incident Number
5/9/19,244
5/8/19,299
5/7/19,284
5/6/19,282
5/5/19,287
5/4/19,255
5/3/19,332
5/2/19,288
5/1/19,284
4/30/19,325
4/29/19,274
4/28/19,264
4/27/19,274
4/26/19,292
4/25/19,267
4/24/19,290
4/23/19,209
4/22/19,257
4/21/19,215
4/20/19,272
4/19/19,267
4/18/19,249
4/17/19,291
4/16/19,289
4/15/19,273
4/14/19,224
4/13/19,248
4/12/19,237
4/11/19,273
4/10/19,233
4/9/19,266
4/8/19,235
4/7/19,239
4/6/19,246
4/5/19,282
4/4/19,310
4/3/19,280
4/2/19,292
4/1/19,293
3/31/19,264
3/30/19,275
3/29/19,302
3/28/19,272
3/27/19,244
3/26/19,262
3/25/19,279
3/24/19,230
3/23/19,279
3/22/19,271
3/21/19,273
3/20/19,315
3/19/19,327
3/18/19,293
3/17/19,280
3/16/19,285
3/15/19,316
3/14/19,264
3/13/19,266
3/12/19,292
3/11/19,289
3/10/19,304
3/9/19,296
3/8/19,302
3/7/19,278
3/6/19,285
3/5/19,267
3/4/19,309
3/3/19,301
3/2/19,256
3/1/19,285
2/28/19,275
2/27/19,271
2/26/19,266
2/25/19,230
2/24/19,233
2/23/19,253
2/22/19,244
2/21/19,238
2/20/19,284
2/19/19,220
2/18/19,262
2/17/19,228
2/16/19,246
2/15/19,267
2/14/19,289
2/13/19,272
2/12/19,290
2/11/19,351
2/10/19,292
2/9/19,325
2/8/19,327
2/7/19,325
2/6/19,341
2/5/19,317
2/4/19,321
2/3/19,278
2/2/19,268
2/1/19,300
1/31/19,260
1/30/19,247
1/29/19,266
1/28/19,279
1/27/19,245
1/26/19,263
1/25/19,294
1/24/19,274
1/23/19,275
1/22/19,269
1/21/19,267
1/20/19,225
1/19/19,290
1/18/19,240
1/17/19,257
1/16/19,240
1/15/19,263
1/14/19,263
1/13/19,299
1/12/19,272
1/11/19,305
1/10/19,256
1/9/19,278
1/8/19,279
1/7/19,288
1/6/19,287
1/5/19,276
1/4/19,246
1/3/19,268
1/2/19,256
1/1/19,283
12/31/18,269
12/30/18,263
12/29/18,245
12/28/18,243
12/27/18,234
12/26/18,224
12/25/18,199
12/24/18,257
12/23/18,242
12/22/18,275
12/21/18,298
12/20/18,268
12/19/18,293
12/18/18,242
12/17/18,285
12/16/18,268
12/15/18,275
12/14/18,307
12/13/18,301
12/12/18,241
12/11/18,276
12/10/18,271
12/9/18,271
12/8/18,283
12/7/18,288
12/6/18,250
12/5/18,260
12/4/18,280
12/3/18,289
12/2/18,274
12/1/18,259
11/30/18,267
11/29/18,273
11/28/18,266
11/27/18,272
11/26/18,250
11/25/18,213
11/24/18,234
11/23/18,223
11/22/18,237
11/21/18,251
11/20/18,259
11/19/18,249
11/18/18,253
11/17/18,324
11/16/18,277
11/15/18,282
11/14/18,263
11/13/18,290
11/12/18,259
11/11/18,255
11/10/18,257
11/9/18,265
11/8/18,309
11/7/18,262
11/6/18,279
11/5/18,237
11/4/18,253
11/3/18,288
11/2/18,281
11/1/18,301
10/31/18,265
10/30/18,286
10/29/18,265
10/28/18,274
10/27/18,316
10/26/18,294
10/25/18,226
10/24/18,276
10/23/18,212
10/22/18,262
10/21/18,227
10/20/18,316
10/19/18,272
10/18/18,312
10/17/18,280
10/16/18,270
10/15/18,264
10/14/18,264
10/13/18,310
10/12/18,263
10/11/18,316
10/10/18,235
10/9/18,259
10/8/18,311
10/7/18,237
10/6/18,281
10/5/18,317
10/4/18,271
10/3/18,274
10/2/18,268
10/1/18,259
9/30/18,251
9/29/18,280
9/28/18,308
9/27/18,251
9/26/18,252
9/25/18,279
9/24/18,309
9/23/18,261
9/22/18,272
9/21/18,298
9/20/18,262
9/19/18,293
9/18/18,263
9/17/18,262
9/16/18,269
9/15/18,265
9/14/18,271
9/13/18,273
9/12/18,275
9/11/18,258
9/10/18,273
9/9/18,258
9/8/18,275
9/7/18,298
9/6/18,297
9/5/18,315
9/4/18,259
9/3/18,243
9/2/18,276
9/1/18,280
8/31/18,283
8/30/18,297
8/29/18,270
8/28/18,258
8/27/18,258
8/26/18,250
8/25/18,257
8/24/18,261
8/23/18,223
8/22/18,299
8/21/18,294
8/20/18,277
8/19/18,280
8/18/18,269
8/17/18,316
8/16/18,259
8/15/18,320
8/14/18,270
8/13/18,297
8/12/18,294
8/11/18,291
8/10/18,337
8/9/18,332
8/8/18,347
8/7/18,323
8/6/18,282
8/5/18,289
8/4/18,288
8/3/18,321
8/2/18,253
8/1/18,296
7/31/18,311
7/30/18,326
7/29/18,290
7/28/18,321
7/27/18,307
7/26/18,322
7/25/18,288
7/24/18,336
7/23/18,291
7/22/18,268
7/21/18,316
7/20/18,297
7/19/18,287
7/18/18,317
7/17/18,338
7/16/18,359
7/15/18,299
7/14/18,328
7/13/18,315
7/12/18,310
7/11/18,338
7/10/18,282
7/9/18,279
7/8/18,241
7/7/18,285
7/6/18,341
7/5/18,341
7/4/18,335
7/3/18,294
7/2/18,268
7/1/18,273
6/30/18,289
6/29/18,282
6/28/18,253
6/27/18,300
6/26/18,271
6/25/18,275
6/24/18,286
6/23/18,312
6/22/18,312
6/21/18,301
6/20/18,321
6/19/18,286
6/18/18,360
6/17/18,294
6/16/18,299
6/15/18,301
6/14/18,304
6/13/18,291
6/12/18,280
6/11/18,310
6/10/18,249
6/9/18,272
6/8/18,328
6/7/18,268
6/6/18,300
6/5/18,298
6/4/18,248
6/3/18,270
6/2/18,308
6/1/18,283
5/31/18,277
5/30/18,285
5/29/18,264
5/28/18,263
5/27/18,265
5/26/18,270
5/25/18,314
5/24/18,243
5/23/18,282
5/22/18,286
5/21/18,270
5/20/18,271
5/19/18,289
5/18/18,272
5/17/18,288
5/16/18,286
5/15/18,286
5/14/18,292
5/13/18,270
5/12/18,302
5/11/18,307
5/10/18,272
5/9/18,298
5/8/18,318
5/7/18,273
5/6/18,272
5/5/18,291
5/4/18,295
5/3/18,264
5/2/18,289
5/1/18,255
4/30/18,245
4/29/18,228
4/28/18,286
4/27/18,276
4/26/18,258
4/25/18,304
4/24/18,280
4/23/18,249
4/22/18,276
4/21/18,277
4/20/18,301
4/19/18,267
4/18/18,250
4/17/18,252
4/16/18,252
4/15/18,240
4/14/18,268
4/13/18,283
4/12/18,250
4/11/18,264
4/10/18,290
4/9/18,297
4/8/18,254
4/7/18,290
4/6/18,304
4/5/18,265
4/4/18,266
4/3/18,261
4/2/18,244
4/1/18,248
3/31/18,280
3/30/18,300
3/29/18,280
3/28/18,257
3/27/18,260
3/26/18,261
3/25/18,237
3/24/18,273
3/23/18,252
3/22/18,276
3/21/18,247
3/20/18,295
3/19/18,269
3/18/18,264
3/17/18,304
3/16/18,305
3/15/18,268
3/14/18,291
3/13/18,259
3/12/18,310
3/11/18,273
3/10/18,282
3/9/18,257
3/8/18,253
3/7/18,271
3/6/18,287
3/5/18,237
3/4/18,285
3/3/18,306
3/2/18,288
3/1/18,307
2/28/18,261
2/27/18,272
2/26/18,290
2/25/18,248
2/24/18,267
2/23/18,312
2/22/18,250
2/21/18,283
2/20/18,249
2/19/18,265
2/18/18,262
2/17/18,290
2/16/18,271
2/15/18,272
2/14/18,265
2/13/18,232
2/12/18,256
2/11/18,235
2/10/18,255
2/9/18,269
2/8/18,294
2/7/18,259
2/6/18,246
2/5/18,294
2/4/18,260
2/3/18,282
2/2/18,299
2/1/18,286
1/31/18,287
1/30/18,250
1/29/18,273
1/28/18,260
1/27/18,284
1/26/18,282
1/25/18,230
1/24/18,284
1/23/18,286
1/22/18,274
1/21/18,291
1/20/18,289
1/19/18,298
1/18/18,279
1/17/18,265
1/16/18,288
1/15/18,279
1/14/18,236
1/13/18,282
1/12/18,286
1/11/18,319
1/10/18,275
1/9/18,298
1/8/18,270
1/7/18,264
1/6/18,297
1/5/18,315
1/4/18,286
1/3/18,272
1/2/18,263
1/1/18,319
12/31/17,287
12/30/17,247
12/29/17,276
12/28/17,243
12/27/17,236
12/26/17,250
12/25/17,238
12/24/17,295
12/23/17,228
12/22/17,276
12/21/17,266
12/20/17,327
12/19/17,283
12/18/17,281
12/17/17,261
12/16/17,266
12/15/17,250
12/14/17,263
12/13/17,269
12/12/17,258
12/11/17,237
12/10/17,259
12/9/17,294
12/8/17,312
12/7/17,277
12/6/17,270
12/5/17,270
12/4/17,253
12/3/17,266
12/2/17,294
12/1/17,265
11/30/17,290
11/29/17,274
11/28/17,253
11/27/17,227
11/26/17,222
11/25/17,275
11/24/17,259
11/23/17,248
11/22/17,328
11/21/17,309
11/20/17,248
11/19/17,292
11/18/17,246
11/17/17,281
11/16/17,233
11/15/17,291
11/14/17,281
11/13/17,407
11/12/17,238
11/11/17,273
11/10/17,323
11/9/17,295
11/8/17,285
11/7/17,247
11/6/17,286
11/5/17,292
11/4/17,289
11/3/17,270
11/2/17,268
11/1/17,283
10/31/17,274
10/30/17,260
10/29/17,294
10/28/17,296
10/27/17,297
10/26/17,311
10/25/17,271
10/24/17,297
10/23/17,282
10/22/17,263
10/21/17,298
10/20/17,273
10/19/17,276
10/18/17,290
10/17/17,228
10/16/17,248
10/15/17,235
10/14/17,278
10/13/17,269
10/12/17,267
10/11/17,258
10/10/17,269
10/9/17,298
10/8/17,237
10/7/17,293
10/6/17,308
10/5/17,286
10/4/17,336
10/3/17,310
10/2/17,288
10/1/17,283
9/30/17,259
9/29/17,323
9/28/17,322
9/27/17,296
9/26/17,276
9/25/17,301
9/24/17,273
9/23/17,280
9/22/17,270
9/21/17,279
9/20/17,252
9/19/17,288
9/18/17,302
9/17/17,277
9/16/17,322
9/15/17,310
9/14/17,303
9/13/17,285
9/12/17,281
9/11/17,267
9/10/17,300
9/9/17,293
9/8/17,255
9/7/17,263
9/6/17,290
9/5/17,305
9/4/17,321
9/3/17,280
9/2/17,333
9/1/17,322
8/31/17,290
8/30/17,289
8/29/17,290
8/28/17,310
8/27/17,275
8/26/17,301
8/25/17,310
8/24/17,271
8/23/17,298
8/22/17,336
8/21/17,270
8/20/17,266
8/19/17,304
8/18/17,306
8/17/17,298
8/16/17,279
8/15/17,255
8/14/17,311
8/13/17,228
8/12/17,282
8/11/17,281
8/10/17,316
8/9/17,292
8/8/17,301
8/7/17,318
8/6/17,309
8/5/17,342
8/4/17,396
8/3/17,392
8/2/17,330
8/1/17,303
7/31/17,343
7/30/17,254
7/29/17,310
7/28/17,303
7/27/17,311
7/26/17,300
7/25/17,292
7/24/17,318
7/23/17,275
7/22/17,317
7/21/17,287
7/20/17,291
7/19/17,276
7/18/17,303
7/17/17,297
7/16/17,294
7/15/17,325
7/14/17,299
7/13/17,248
7/12/17,276
7/11/17,283
7/10/17,286
7/9/17,270
7/8/17,357
7/7/17,307
7/6/17,312
7/5/17,325
7/4/17,339
7/3/17,303
7/2/17,288
7/1/17,321
6/30/17,286
6/29/17,263
6/28/17,280
6/27/17,289
6/26/17,310
6/25/17,329
6/24/17,343
6/23/17,328
6/22/17,299
6/21/17,300
6/20/17,278
6/19/17,255
6/18/17,272
6/17/17,275
6/16/17,275
6/15/17,297
6/14/17,234
6/13/17,308
6/12/17,257
6/11/17,299
6/10/17,311
6/9/17,303
6/8/17,278
6/7/17,301
6/6/17,306
6/5/17,298
6/4/17,267
6/3/17,265
6/2/17,302
6/1/17,294
5/31/17,251
5/30/17,259
5/29/17,245
5/28/17,304
5/27/17,313
5/26/17,296
5/25/17,290
5/24/17,250
5/23/17,307
5/22/17,336
5/21/17,284
5/20/17,314
5/19/17,310
5/18/17,290
5/17/17,257
5/16/17,284
5/15/17,275
5/14/17,230
5/13/17,296
5/12/17,285
5/11/17,248
5/10/17,272
5/9/17,307
5/8/17,284
5/7/17,283
5/6/17,325
5/5/17,301
5/4/17,307
5/3/17,315
5/2/17,292
5/1/17,270
4/30/17,206
4/29/17,267
4/28/17,265
4/27/17,276
4/26/17,315
4/25/17,286
4/24/17,265
4/23/17,245
4/22/17,292
4/21/17,249
4/20/17,287
4/19/17,291
4/18/17,286
4/17/17,304
4/16/17,250
4/15/17,297
4/14/17,270
4/13/17,262
4/12/17,233
4/11/17,277
4/10/17,241
4/9/17,258
4/8/17,261
4/7/17,293
4/6/17,278
4/5/17,265
4/4/17,269
4/3/17,256
4/2/17,255
4/1/17,247
3/31/17,280
3/30/17,293
3/29/17,221
3/28/17,242
3/27/17,243
3/26/17,254
3/25/17,277
3/24/17,269
3/23/17,244
3/22/17,258
3/21/17,280
3/20/17,277
3/19/17,257
3/18/17,271
3/17/17,288
3/16/17,272
3/15/17,299
3/14/17,280
3/13/17,282
3/12/17,254
3/11/17,249
3/10/17,274
3/9/17,291
3/8/17,260
3/7/17,265
3/6/17,247
3/5/17,274
3/4/17,277
3/3/17,275
3/2/17,301
3/1/17,250
2/28/17,268
2/27/17,280
2/26/17,244
2/25/17,290
2/24/17,260
2/23/17,260
2/22/17,246
2/21/17,247
2/20/17,268
2/19/17,247
2/18/17,275
2/17/17,218
2/16/17,290
2/15/17,276
2/14/17,317
2/13/17,278
2/12/17,257
2/11/17,281
2/10/17,287
2/9/17,330
2/8/17,217
2/7/17,299
2/6/17,268
2/5/17,282
2/4/17,278
2/3/17,307
2/2/17,292
2/1/17,271
1/31/17,245
1/30/17,275
1/29/17,236
1/28/17,259
1/27/17,270
1/26/17,291
1/25/17,275
1/24/17,273
1/23/17,263
1/22/17,238
1/21/17,282
1/20/17,286
1/19/17,261
1/18/17,305
1/17/17,276
1/16/17,273
1/15/17,261
1/14/17,284
1/13/17,324
1/12/17,286
1/11/17,266
1/10/17,290
1/9/17,246
1/8/17,312
1/7/17,279
1/6/17,313
1/5/17,317
1/4/17,317
1/3/17,319
1/2/17,281
1/1/17,309
12/31/16,330
12/30/16,297
12/29/16,270
12/28/16,269
12/27/16,294
12/26/16,257
12/25/16,219
12/24/16,254
12/23/16,286
12/22/16,304
12/21/16,281
12/20/16,295
12/19/16,312
12/18/16,281
12/17/16,295
12/16/16,305
12/15/16,315
12/14/16,324
12/13/16,268
12/12/16,292
12/11/16,264
12/10/16,288
12/9/16,311
12/8/16,294
12/7/16,274
12/6/16,291
12/5/16,292
12/4/16,251
12/3/16,247
12/2/16,280
12/1/16,247
11/30/16,253
11/29/16,271
11/28/16,252
11/27/16,222
11/26/16,265
11/25/16,269
11/24/16,285
11/23/16,292
11/22/16,282
11/21/16,278
11/20/16,269
11/19/16,263
11/18/16,260
11/17/16,258
11/16/16,259
11/15/16,320
11/14/16,279
11/13/16,249
11/12/16,281
11/11/16,259
11/10/16,283
11/9/16,330
11/8/16,285
11/7/16,273
11/6/16,260
11/5/16,308
11/4/16,283
11/3/16,300
11/2/16,247
11/1/16,259
10/31/16,247
10/30/16,265
10/29/16,253
10/28/16,301
10/27/16,257
10/26/16,258
10/25/16,303
10/24/16,307
10/23/16,282
10/22/16,305
10/21/16,256
10/20/16,257
10/19/16,291
10/18/16,290
10/17/16,267
10/16/16,295
10/15/16,276
10/14/16,317
10/13/16,300
10/12/16,265
10/11/16,259
10/10/16,282
10/9/16,232
10/8/16,273
10/7/16,259
10/6/16,271
10/5/16,276
10/4/16,229
10/3/16,273
10/2/16,265
10/1/16,268
9/30/16,335
9/29/16,263
9/28/16,242
9/27/16,264
9/26/16,264
9/25/16,275
9/24/16,288
9/23/16,252
9/22/16,312
9/21/16,280
9/20/16,267
9/19/16,264
9/18/16,248
9/17/16,319
9/16/16,293
9/15/16,268
9/14/16,276
9/13/16,277
9/12/16,321
9/11/16,274
9/10/16,296
9/9/16,336
9/8/16,296
9/7/16,253
9/6/16,267
9/5/16,235
9/4/16,252
9/3/16,278
9/2/16,288
9/1/16,267
8/31/16,280
8/30/16,239
8/29/16,292
8/28/16,297
8/27/16,281
8/26/16,317
8/25/16,338
8/24/16,301
8/23/16,317
8/22/16,307
8/21/16,262
8/20/16,339
8/19/16,315
8/18/16,295
8/17/16,283
8/16/16,310
8/15/16,306
8/14/16,294
8/13/16,290
8/12/16,333
8/11/16,301
8/10/16,321
8/9/16,261
8/8/16,256
8/7/16,263
8/6/16,282
8/5/16,357
8/4/16,303
8/3/16,278
8/2/16,312
8/1/16,280
7/31/16,274
7/30/16,284
7/29/16,324
7/28/16,315
7/27/16,305
7/26/16,314
7/25/16,307
7/24/16,300
7/23/16,265
7/22/16,280
7/21/16,342
7/20/16,308
7/19/16,289
7/18/16,257
7/17/16,264
7/16/16,275
7/15/16,317
7/14/16,264
7/13/16,311
7/12/16,288
7/11/16,256
7/10/16,263
7/9/16,296
7/8/16,298
7/7/16,256
7/6/16,337
7/5/16,315
7/4/16,288
7/3/16,287
7/2/16,314
7/1/16,312
6/30/16,278
6/29/16,250
6/28/16,291
6/27/16,299
6/26/16,313
6/25/16,307
6/24/16,269
6/23/16,306
6/22/16,237
6/21/16,134
6/20/16,300
6/19/16,264
6/18/16,302
6/17/16,279
6/16/16,275
6/15/16,270
6/14/16,263
6/13/16,286
6/12/16,250
6/11/16,296
6/10/16,307
6/9/16,308
6/8/16,295
6/7/16,334
6/6/16,356
6/5/16,382
6/4/16,345
6/3/16,337
6/2/16,214
6/1/16,296
5/31/16,333
5/30/16,243
5/29/16,237
5/28/16,250
5/27/16,280
5/26/16,242
5/25/16,306
5/24/16,257
5/23/16,239
5/22/16,274
5/21/16,298
5/20/16,298
5/19/16,308
5/18/16,276
5/17/16,285
5/16/16,295
5/15/16,236
5/14/16,292
5/13/16,306
5/12/16,253
5/11/16,274
5/10/16,311
5/9/16,265
5/8/16,268
5/7/16,296
5/6/16,300
5/5/16,301
5/4/16,293
5/3/16,303
5/2/16,323
5/1/16,319
4/30/16,282
4/29/16,312
4/28/16,249
4/27/16,242
4/26/16,275
4/25/16,253
4/24/16,269
4/23/16,303
4/22/16,322
4/21/16,343
4/20/16,303
4/19/16,273
4/18/16,312
4/17/16,237
4/16/16,289
4/15/16,260
4/14/16,247
4/13/16,254
4/12/16,279
4/11/16,267
4/10/16,265
4/9/16,310
4/8/16,290
4/7/16,292
4/6/16,291
4/5/16,268
4/4/16,263
4/3/16,279
4/2/16,318
4/1/16,322
3/31/16,288
3/30/16,291
3/29/16,275
3/28/16,240
3/27/16,238
3/26/16,276
3/25/16,272
3/24/16,282
3/23/16,273
3/22/16,298
3/21/16,245
3/20/16,262
3/19/16,280
3/18/16,280
3/17/16,278
3/16/16,248
3/15/16,248
3/14/16,270
3/13/16,326
3/12/16,267
3/11/16,290
3/10/16,270
3/9/16,279
3/8/16,251
3/7/16,263
3/6/16,242
3/5/16,285
3/4/16,297
3/3/16,261
3/2/16,301
3/1/16,282
2/29/16,244
2/28/16,216
2/27/16,251
2/26/16,273
2/25/16,267
2/24/16,233
2/23/16,243
2/22/16,238
2/21/16,255
2/20/16,225
2/19/16,290
2/18/16,223
2/17/16,283
2/16/16,239
2/15/16,206
2/14/16,230
2/13/16,261
2/12/16,284
2/11/16,279
2/10/16,213
2/9/16,276
2/8/16,248
2/7/16,265
2/6/16,247
2/5/16,291
2/4/16,301
2/3/16,245
2/2/16,290
2/1/16,256
1/31/16,216
1/30/16,242
1/29/16,267
1/28/16,249
1/27/16,285
1/26/16,301
1/25/16,251
1/24/16,247
1/23/16,242
1/22/16,278
1/21/16,283
1/20/16,248
1/19/16,269
1/18/16,222
1/17/16,234
1/16/16,247
1/15/16,254
1/14/16,269
1/13/16,246
1/12/16,283
1/11/16,293
1/10/16,262
1/9/16,248
1/8/16,264
1/7/16,273
1/6/16,292
1/5/16,253
1/4/16,273
1/3/16,251
1/2/16,266
1/1/16,338
12/31/15,287
12/30/15,273
12/29/15,232
12/28/15,254
12/27/15,236
12/26/15,239
12/25/15,199
12/24/15,258
12/23/15,264
12/22/15,242
12/21/15,252
12/20/15,234
12/19/15,264
12/18/15,305
12/17/15,281
12/16/15,253
12/15/15,285
12/14/15,246
12/13/15,274
12/12/15,254
12/11/15,251
12/10/15,268
12/9/15,300
12/8/15,320
12/7/15,302
12/6/15,315
12/5/15,274
12/4/15,306
12/3/15,259
12/2/15,237
12/1/15,236
11/30/15,233
11/29/15,219
11/28/15,248
11/27/15,224
11/26/15,239
11/25/15,239
11/24/15,287
11/23/15,291
11/22/15,255
11/21/15,270
11/20/15,308
11/19/15,263
11/18/15,251
11/17/15,275
11/16/15,284
11/15/15,293
11/14/15,235
11/13/15,303
11/12/15,240
11/11/15,226
11/10/15,240
11/9/15,260
11/8/15,232
11/7/15,271
11/6/15,284
11/5/15,282
11/4/15,272
11/3/15,281
11/2/15,254
11/1/15,301
10/31/15,246
10/30/15,287
10/29/15,278
10/28/15,277
10/27/15,254
10/26/15,248
10/25/15,265
10/24/15,239
10/23/15,249
10/22/15,251
10/21/15,258
10/20/15,239
10/19/15,267
10/18/15,269
10/17/15,276
10/16/15,295
10/15/15,243
10/14/15,268
10/13/15,285
10/12/15,258
10/11/15,294
10/10/15,277
10/9/15,321
10/8/15,308
10/7/15,323
10/6/15,273
10/5/15,262
10/4/15,287
10/3/15,266
10/2/15,262
10/1/15,288
9/30/15,292
9/29/15,282
9/28/15,284
9/27/15,258
9/26/15,292
9/25/15,291
9/24/15,243
9/23/15,263
9/22/15,268
9/21/15,261
9/20/15,260
9/19/15,263
9/18/15,302
9/17/15,296
9/16/15,249
9/15/15,247
9/14/15,301
9/13/15,270
9/12/15,301
9/11/15,282
9/10/15,279
9/9/15,275
9/8/15,294
9/7/15,271
9/6/15,277
9/5/15,264
9/4/15,297
9/3/15,226
9/2/15,279
9/1/15,278
8/31/15,259
8/30/15,291
8/29/15,402
8/28/15,308
8/27/15,321
8/26/15,274
8/25/15,289
8/24/15,278
8/23/15,242
8/22/15,295
8/21/15,260
8/20/15,247
8/19/15,297
8/18/15,275
8/17/15,293
8/16/15,282
8/15/15,288
8/14/15,290
8/13/15,234
8/12/15,310
8/11/15,292
8/10/15,308
8/9/15,258
8/8/15,293
8/7/15,320
8/6/15,273
8/5/15,272
8/4/15,295
8/3/15,321
8/2/15,315
8/1/15,347
7/31/15,349
7/30/15,312
7/29/15,332
7/28/15,274
7/27/15,257
7/26/15,274
7/25/15,284
7/24/15,329
7/23/15,252
7/22/15,273
7/21/15,265
7/20/15,283
7/19/15,323
7/18/15,307
7/17/15,324
7/16/15,256
7/15/15,283
7/14/15,280
7/13/15,270
7/12/15,267
7/11/15,285
7/10/15,295
7/9/15,326
7/8/15,313
7/7/15,301
7/6/15,313
7/5/15,332
7/4/15,387
7/3/15,351
7/2/15,327
7/1/15,290
6/30/15,311
6/29/15,322
6/28/15,303
6/27/15,316
6/26/15,275
6/25/15,286
6/24/15,289
6/23/15,279
6/22/15,277
6/21/15,291
6/20/15,314
6/19/15,282
6/18/15,265
6/17/15,291
6/16/15,287
6/15/15,298
6/14/15,288
6/13/15,304
6/12/15,292
6/11/15,247
6/10/15,314
6/9/15,315
6/8/15,308
6/7/15,305
6/6/15,296
6/5/15,327
6/4/15,279
6/3/15,284
6/2/15,248
6/1/15,268
5/31/15,294
5/30/15,287
5/29/15,315
5/28/15,274
5/27/15,241
5/26/15,287
5/25/15,237
5/24/15,230
5/23/15,255
5/22/15,288
5/21/15,300
5/20/15,270
5/19/15,287
5/18/15,294
5/17/15,233
5/16/15,317
5/15/15,265
5/14/15,262
5/13/15,271
5/12/15,284
5/11/15,251
5/10/15,234
5/9/15,330
5/8/15,320
5/7/15,273
5/6/15,249
5/5/15,270
5/4/15,273
5/3/15,237
5/2/15,319
5/1/15,286
4/30/15,266
4/29/15,252
4/28/15,247
4/27/15,269
4/26/15,224
4/25/15,249
4/24/15,244
4/23/15,233
4/22/15,266
4/21/15,269
4/20/15,275
4/19/15,246
4/18/15,265
4/17/15,244
4/16/15,261
4/15/15,258
4/14/15,246
4/13/15,236
4/12/15,232
4/11/15,250
4/10/15,270
4/9/15,287
4/8/15,255
4/7/15,309
4/6/15,262
4/5/15,262
4/4/15,284
4/3/15,262
4/2/15,255
4/1/15,274
3/31/15,251
3/30/15,264
3/29/15,267
3/28/15,236
3/27/15,266
3/26/15,240
3/25/15,220
3/24/15,262
3/23/15,248
3/22/15,210
3/21/15,282
3/20/15,248
3/19/15,266
3/18/15,279
3/17/15,252
3/16/15,268
3/15/15,263
3/14/15,253
3/13/15,227
3/12/15,268
3/11/15,262
3/10/15,257
3/9/15,239
3/8/15,207
3/7/15,270
3/6/15,242
3/5/15,283
3/4/15,226
3/3/15,276
3/2/15,237
3/1/15,245
2/28/15,282
2/27/15,243
2/26/15,234
2/25/15,264
2/24/15,229
2/23/15,257
2/22/15,245
2/21/15,246
2/20/15,234
2/19/15,258
2/18/15,219
2/17/15,225
2/16/15,241
2/15/15,223
2/14/15,263
2/13/15,216
2/12/15,257
2/11/15,231
2/10/15,236
2/9/15,235
2/8/15,272
2/7/15,254
2/6/15,227
2/5/15,263
2/4/15,248
2/3/15,257
2/2/15,291
2/1/15,258
1/31/15,226
1/30/15,252
1/29/15,251
1/28/15,237
1/27/15,243
1/26/15,277
1/25/15,278
1/24/15,246
1/23/15,233
1/22/15,263
1/21/15,238
1/20/15,242
1/19/15,217
1/18/15,294
1/17/15,264
1/16/15,271
1/15/15,256
1/14/15,238
1/13/15,257
1/12/15,242
1/11/15,231
1/10/15,287
1/9/15,263
1/8/15,233
1/7/15,251
1/6/15,258
1/5/15,293
1/4/15,217
1/3/15,237
1/2/15,240
1/1/15,305
12/31/14,256
12/30/14,256
12/29/14,268
12/28/14,218
12/27/14,218
12/26/14,226
12/25/14,211
12/24/14,238
12/23/14,262
12/22/14,275
12/21/14,229
12/20/14,271
12/19/14,237
12/18/14,261
12/17/14,219
12/16/14,251
12/15/14,257
12/14/14,260
12/13/14,236
12/12/14,237
12/11/14,274
12/10/14,265
12/9/14,252
12/8/14,234
12/7/14,224
12/6/14,265
12/5/14,265
12/4/14,246
12/3/14,271
12/2/14,236
12/1/14,253
11/30/14,257
11/29/14,250
11/28/14,248
11/27/14,215
11/26/14,262
11/25/14,243
11/24/14,243
11/23/14,225
11/22/14,273
11/21/14,308
11/20/14,221
11/19/14,181
11/18/14,282
11/17/14,213
11/16/14,231
11/15/14,256
11/14/14,258
11/13/14,265
11/12/14,283
11/11/14,235
11/10/14,277
11/9/14,264
11/8/14,281
11/7/14,312
11/6/14,247
11/5/14,277
11/4/14,240
11/3/14,250
11/2/14,258
11/1/14,343
10/31/14,303
10/30/14,243
10/29/14,237
10/28/14,220
10/27/14,284
10/26/14,265
10/25/14,316
10/24/14,253
10/23/14,239
10/22/14,280
10/21/14,249
10/20/14,238
10/19/14,267
10/18/14,273
10/17/14,268
10/16/14,244
10/15/14,267
10/14/14,283
10/13/14,281
10/12/14,238
10/11/14,277
10/10/14,259
10/9/14,225
10/8/14,256
10/7/14,246
10/6/14,294
10/5/14,247
10/4/14,288
10/3/14,293
10/2/14,260
10/1/14,246
9/30/14,237
9/29/14,257
9/28/14,288
9/27/14,269
9/26/14,265
9/25/14,269
9/24/14,264
9/23/14,259
9/22/14,259
9/21/14,262
9/20/14,233
9/19/14,277
9/18/14,251
9/17/14,248
9/16/14,264
9/15/14,280
9/14/14,250
9/13/14,285
9/12/14,311
9/11/14,266
9/10/14,282
9/9/14,235
9/8/14,265
9/7/14,267
9/6/14,302
9/5/14,290
9/4/14,292
9/3/14,254
9/2/14,269
9/1/14,244
8/31/14,220
8/30/14,306
8/29/14,266
8/28/14,250
8/27/14,262
8/26/14,263
8/25/14,261
8/24/14,245
8/23/14,300
8/22/14,279
8/21/14,257
8/20/14,244
8/19/14,282
8/18/14,273
8/17/14,273
8/16/14,284
8/15/14,297
8/14/14,260
8/13/14,342
8/12/14,263
8/11/14,296
8/10/14,271
8/9/14,328
8/8/14,297
8/7/14,232
8/6/14,319
8/5/14,284
8/4/14,297
8/3/14,289
8/2/14,308
8/1/14,276
7/31/14,254
7/30/14,283
7/29/14,262
7/28/14,263
7/27/14,265
7/26/14,267
7/25/14,303
7/24/14,243
7/23/14,272
7/22/14,234
7/21/14,276
7/20/14,251
7/19/14,264
7/18/14,280
7/17/14,273
7/16/14,283
7/15/14,318
7/14/14,264
7/13/14,262
7/12/14,322
7/11/14,285
7/10/14,257
7/9/14,293
7/8/14,304
7/7/14,291
7/6/14,285
7/5/14,275
7/4/14,298
7/3/14,287
7/2/14,318
7/1/14,316
6/30/14,303
6/29/14,250
6/28/14,290
6/27/14,271
6/26/14,267
6/25/14,296
6/24/14,263
6/23/14,253
6/22/14,239
6/21/14,304
6/20/14,262
6/19/14,247
6/18/14,270
6/17/14,290
6/16/14,263
6/15/14,237
6/14/14,221
6/13/14,262
6/12/14,280
6/11/14,262
6/10/14,269
6/9/14,222
6/8/14,248
6/7/14,285
6/6/14,289
6/5/14,299
6/4/14,269
6/3/14,265
6/2/14,295
6/1/14,263
5/31/14,292
5/30/14,241
5/29/14,235
5/28/14,233
5/27/14,232
5/26/14,215
5/25/14,255
5/24/14,246
5/23/14,270
5/22/14,281
5/21/14,292
5/20/14,162
5/19/14,169
5/18/14,263
5/17/14,261
5/16/14,286
5/15/14,306
5/14/14,263
5/13/14,252
5/12/14,270
5/11/14,261
5/10/14,255
5/9/14,267
5/8/14,266
5/7/14,276
5/6/14,277
5/5/14,281
5/4/14,268
5/3/14,252
5/2/14,309
5/1/14,289
4/30/14,249
4/29/14,257
4/28/14,272
4/27/14,207
4/26/14,284
4/25/14,235
4/24/14,265
4/23/14,209
4/22/14,228
4/21/14,245
4/20/14,205
4/19/14,241
4/18/14,264
4/17/14,207
4/16/14,237
4/15/14,221
4/14/14,226
4/13/14,255
4/12/14,267
4/11/14,278
4/10/14,244
4/9/14,237
4/8/14,255
4/7/14,297
4/6/14,221
4/5/14,260
4/4/14,245
4/3/14,208
4/2/14,277
4/1/14,270
3/31/14,246
3/30/14,217
3/29/14,231
3/28/14,249
3/27/14,214
3/26/14,217
3/25/14,243
3/24/14,240
3/23/14,245
3/22/14,253
3/21/14,265
3/20/14,157
3/19/14,222
3/18/14,214
3/17/14,233
3/16/14,219
3/15/14,251
3/14/14,263
3/13/14,250
3/12/14,249
3/11/14,236
3/10/14,252
3/9/14,253
3/8/14,235
3/7/14,273
3/6/14,276
3/5/14,258
3/4/14,241
3/3/14,251
3/2/14,238
3/1/14,249
2/28/14,247
2/27/14,235
2/26/14,206
2/25/14,226
2/24/14,224
2/23/14,191
2/22/14,237
2/21/14,246
2/20/14,216
2/19/14,215
2/18/14,237
2/17/14,219
2/16/14,238
2/15/14,211
2/14/14,275
2/13/14,270
2/12/14,273
2/11/14,256
2/10/14,241
2/9/14,229
2/8/14,261
2/7/14,311
2/6/14,271
2/5/14,371
2/4/14,218
2/3/14,291
2/2/14,265
2/1/14,260
1/31/14,225
1/30/14,208
1/29/14,274
1/28/14,231
1/27/14,231
1/26/14,240
1/25/14,227
1/24/14,223
1/23/14,244
1/22/14,235
1/21/14,224
1/20/14,234
1/19/14,263
1/18/14,241
1/17/14,238
1/16/14,228
1/15/14,238
1/14/14,245
1/13/14,257
1/12/14,204
1/11/14,290
1/10/14,234
1/9/14,272
1/8/14,270
1/7/14,248
1/6/14,186
1/5/14,219
1/4/14,228
1/3/14,214
1/2/14,224
1/1/14,313
12/31/13,270
12/30/13,201
12/29/13,200
12/28/13,233
12/27/13,202
12/26/13,199
12/25/13,226
12/24/13,228
12/23/13,249
12/22/13,241
12/21/13,239
12/20/13,255
12/19/13,252
12/18/13,240
12/17/13,247
12/16/13,270
12/15/13,236
12/14/13,261
12/13/13,229
12/12/13,260
12/11/13,233
12/10/13,303
12/9/13,300
12/8/13,297
12/7/13,284
12/6/13,284
12/5/13,253
12/4/13,259
12/3/13,243
12/2/13,244
12/1/13,202
11/30/13,232
11/29/13,202
11/28/13,183
11/27/13,199
11/26/13,222
11/25/13,254
11/24/13,214
11/23/13,238
11/22/13,259
11/21/13,233
11/20/13,243
11/19/13,238
11/18/13,221
11/17/13,206
11/16/13,215
11/15/13,214
11/14/13,264
11/13/13,242
11/12/13,237
11/11/13,249
11/10/13,221
11/9/13,242
11/8/13,245
11/7/13,272
11/6/13,226
11/5/13,256
11/4/13,256
11/3/13,257
11/2/13,327
11/1/13,253
10/31/13,273
10/30/13,231
10/29/13,228
10/28/13,231
10/27/13,256
10/26/13,297
10/25/13,239
10/24/13,224
10/23/13,231
10/22/13,225
10/21/13,220
10/20/13,202
10/19/13,231
10/18/13,216
10/17/13,212
10/16/13,234
10/15/13,224
10/14/13,225
10/13/13,240
10/12/13,251
10/11/13,262
10/10/13,253
10/9/13,249
10/8/13,240
10/7/13,211
10/6/13,214
10/5/13,223
10/4/13,247
10/3/13,232
10/2/13,273
10/1/13,239
9/30/13,287
9/29/13,234
9/28/13,299
9/27/13,238
9/26/13,249
9/25/13,255
9/24/13,233
9/23/13,246
9/22/13,245
9/21/13,261
9/20/13,253
9/19/13,236
9/18/13,244
9/17/13,252
9/16/13,258
9/15/13,234
9/14/13,225
9/13/13,224
9/12/13,220
9/11/13,299
9/10/13,252
9/9/13,248
9/8/13,262
9/7/13,264
9/6/13,272
9/5/13,246
9/4/13,236
9/3/13,231
9/2/13,241
9/1/13,277
8/31/13,309
8/30/13,270
8/29/13,279
8/28/13,283
8/27/13,263
8/26/13,245
8/25/13,243
8/24/13,280
8/23/13,253
8/22/13,270
8/21/13,252
8/20/13,237
8/19/13,250
8/18/13,262
8/17/13,277
8/16/13,251
8/15/13,250
8/14/13,246
8/13/13,234
8/12/13,255
8/11/13,242
8/10/13,245
8/9/13,263
8/8/13,248
8/7/13,280
8/6/13,264
8/5/13,252
8/4/13,248
8/3/13,281
8/2/13,262
8/1/13,229
7/31/13,243
7/30/13,246
7/29/13,220
7/28/13,248
7/27/13,296
7/26/13,259
7/25/13,286
7/24/13,289
7/23/13,284
7/22/13,253
7/21/13,239
7/20/13,247
7/19/13,287
7/18/13,259
7/17/13,243
7/16/13,306
7/15/13,270
7/14/13,266
7/13/13,293
7/12/13,258
7/11/13,239
7/10/13,250
7/9/13,247
7/8/13,254
7/7/13,226
7/6/13,255
7/5/13,295
7/4/13,281
7/3/13,274
7/2/13,316
7/1/13,296
6/30/13,306
6/29/13,290
6/28/13,291
6/27/13,251
6/26/13,260
6/25/13,259
6/24/13,246
6/23/13,250
6/22/13,282
6/21/13,244
6/20/13,230
6/19/13,252
6/18/13,227
6/17/13,257
6/16/13,218
6/15/13,302
6/14/13,238
6/13/13,285
6/12/13,239
6/11/13,265
6/10/13,251
6/9/13,229
6/8/13,240
6/7/13,245
6/6/13,314
6/5/13,233
6/4/13,289
6/3/13,265
6/2/13,238
6/1/13,228
5/31/13,254
5/30/13,229
5/29/13,248
5/28/13,233
5/27/13,214
5/26/13,239
5/25/13,211
5/24/13,227
5/23/13,235
5/22/13,220
5/21/13,228
5/20/13,272
5/19/13,215
5/18/13,238
5/17/13,273
5/16/13,228
5/15/13,240
5/14/13,234
5/13/13,229
5/12/13,258
5/11/13,256
5/10/13,267
5/9/13,269
5/8/13,231
5/7/13,280
5/6/13,298
5/5/13,295
5/4/13,290
5/3/13,262
5/2/13,227
5/1/13,243
4/30/13,223
4/29/13,251
4/28/13,203
4/27/13,219
4/26/13,248
4/25/13,245
4/24/13,220
4/23/13,243
4/22/13,233
4/21/13,219
4/20/13,231
4/19/13,237
4/18/13,210
4/17/13,206
4/16/13,220
4/15/13,235
4/14/13,233
4/13/13,264
4/12/13,251
4/11/13,262
4/10/13,229
4/9/13,247
4/8/13,222
4/7/13,215
4/6/13,236
4/5/13,255
4/4/13,256
4/3/13,244
4/2/13,252
4/1/13,254
3/31/13,217
3/30/13,220
3/29/13,239
3/28/13,235
3/27/13,194
3/26/13,243
3/25/13,230
3/24/13,228
3/23/13,236
3/22/13,258
3/21/13,212
3/20/13,235
3/19/13,204
3/18/13,215
3/17/13,202
3/16/13,232
3/15/13,240
3/14/13,225
3/13/13,227
3/12/13,245
3/11/13,193
3/10/13,193
3/9/13,208
3/8/13,251
3/7/13,230
3/6/13,230
3/5/13,227
3/4/13,235
3/3/13,263
3/2/13,237
3/1/13,290
2/28/13,227
2/27/13,238
2/26/13,220
2/25/13,235
2/24/13,232
2/23/13,242
2/22/13,204
2/21/13,229
2/20/13,238
2/19/13,224
2/18/13,216
2/17/13,226
2/16/13,213
2/15/13,252
2/14/13,232
2/13/13,253
2/12/13,205
2/11/13,229
2/10/13,201
2/9/13,223
2/8/13,251
2/7/13,238
2/6/13,218
2/5/13,235
2/4/13,237
2/3/13,224
2/2/13,223
2/1/13,233
1/31/13,207
1/30/13,231
1/29/13,231
1/28/13,224
1/27/13,218
1/26/13,198
1/25/13,221
1/24/13,234
1/23/13,249
1/22/13,231
1/21/13,238
1/20/13,207
1/19/13,212
1/18/13,238
1/17/13,226
1/16/13,243
1/15/13,235
1/14/13,199
1/13/13,268
1/12/13,234
1/11/13,257
1/10/13,238
1/9/13,228
1/8/13,269
1/7/13,253
1/6/13,211
1/5/13,216
1/4/13,227
1/3/13,230
1/2/13,246
1/1/13,284
12/31/12,260
12/30/12,211
12/29/12,216
12/28/12,218
12/27/12,187
12/26/12,227
12/25/12,182
12/24/12,241
12/23/12,279
12/22/12,240
12/21/12,217
12/20/12,259
12/19/12,239
12/18/12,268
12/17/12,222
12/16/12,256
12/15/12,247
12/14/12,237
12/13/12,252
12/12/12,230
12/11/12,260
12/10/12,240
12/9/12,244
12/8/12,204
12/7/12,225
12/6/12,256
12/5/12,222
12/4/12,242
12/3/12,233
12/2/12,213
12/1/12,241
11/30/12,251
11/29/12,226
11/28/12,223
11/27/12,212
11/26/12,223
11/25/12,214
11/24/12,208
11/23/12,208
11/22/12,159
11/21/12,227
11/20/12,211
11/19/12,247
11/18/12,217
11/17/12,242
11/16/12,238
11/15/12,251
11/14/12,193
11/13/12,226
11/12/12,214
11/11/12,228
11/10/12,232
11/9/12,221
11/8/12,220
11/7/12,225
11/6/12,208
11/5/12,234
11/4/12,215
11/3/12,209
11/2/12,266
11/1/12,242
10/31/12,227
10/30/12,220
10/29/12,238
10/28/12,244
10/27/12,227
10/26/12,239
10/25/12,239
10/24/12,176
10/23/12,234
10/22/12,206
10/21/12,215
10/20/12,225
10/19/12,242
10/18/12,254
10/17/12,227
10/16/12,214
10/15/12,235
10/14/12,251
10/13/12,215
10/12/12,209
10/11/12,233
10/10/12,212
10/9/12,222
10/8/12,257
10/7/12,213
10/6/12,248
10/5/12,243
10/4/12,251
10/3/12,229
10/2/12,246
10/1/12,240
9/30/12,223
9/29/12,269
9/28/12,232
9/27/12,244
9/26/12,235
9/25/12,233
9/24/12,255
9/23/12,231
9/22/12,244
9/21/12,243
9/20/12,228
9/19/12,252
9/18/12,219
9/17/12,240
9/16/12,238
9/15/12,262
9/14/12,249
9/13/12,212
9/12/12,242
9/11/12,258
9/10/12,212
9/9/12,236
9/8/12,262
9/7/12,275
9/6/12,254
9/5/12,244
9/4/12,253
9/3/12,229
9/2/12,233
9/1/12,304
8/31/12,292
8/30/12,245
8/29/12,240
8/28/12,245
8/27/12,270
8/26/12,198
8/25/12,260
8/24/12,274
8/23/12,223
8/22/12,232
8/21/12,236
8/20/12,249
8/19/12,215
8/18/12,264
8/17/12,282
8/16/12,279
8/15/12,272
8/14/12,241
8/13/12,234
8/12/12,229
8/11/12,250
8/10/12,273
8/9/12,260
8/8/12,285
8/7/12,254
8/6/12,258
8/5/12,297
8/4/12,329
8/3/12,264
8/2/12,264
8/1/12,262
7/31/12,235
7/30/12,207
7/29/12,218
7/28/12,231
7/27/12,221
7/26/12,227
7/25/12,234
7/24/12,256
7/23/12,258
7/22/12,257
7/21/12,264
7/20/12,249
7/19/12,257
7/18/12,258
7/17/12,222
7/16/12,202
7/15/12,213
7/14/12,272
7/13/12,256
7/12/12,236
7/11/12,258
7/10/12,244
7/9/12,232
7/8/12,227
7/7/12,264
7/6/12,255
7/5/12,256
7/4/12,248
7/3/12,233
7/2/12,237
7/1/12,178
6/30/12,265
6/29/12,267
6/28/12,230
6/27/12,234
6/26/12,215
6/25/12,257
6/24/12,257
6/23/12,247
6/22/12,230
6/21/12,239
6/20/12,227
6/19/12,224
6/18/12,256
6/17/12,218
6/16/12,267
6/15/12,264
6/14/12,220
6/13/12,221
6/12/12,229
6/11/12,261
6/10/12,228
6/9/12,239
6/8/12,263
6/7/12,247
6/6/12,226
6/5/12,216
6/4/12,236
6/3/12,237
6/2/12,285
6/1/12,236
5/31/12,213
5/30/12,204
5/29/12,222
5/28/12,163
5/27/12,210
5/26/12,255
5/25/12,237
5/24/12,214
5/23/12,225
5/22/12,206
5/21/12,215
5/20/12,248
5/19/12,253
5/18/12,222
5/17/12,253
5/16/12,219
5/15/12,229
5/14/12,250
5/13/12,249
5/12/12,275
5/11/12,237
5/10/12,246
5/9/12,224
5/8/12,255
5/7/12,232
5/6/12,256
5/5/12,249
5/4/12,242
5/3/12,242
5/2/12,219
5/1/12,200
4/30/12,225
4/29/12,220
4/28/12,226
4/27/12,206
4/26/12,223
4/25/12,244
4/24/12,205
4/23/12,247
4/22/12,220
4/21/12,240
4/20/12,218
4/19/12,197
4/18/12,197
4/17/12,219
4/16/12,195
4/15/12,205
4/14/12,234
4/13/12,239
4/12/12,217
4/11/12,239
4/10/12,225
4/9/12,222
4/8/12,226
4/7/12,243
4/6/12,244
4/5/12,218
4/4/12,235
4/3/12,228
4/2/12,209
4/1/12,226
3/31/12,233
3/30/12,248
3/29/12,227
3/28/12,228
3/27/12,219
3/26/12,239
3/25/12,221
3/24/12,220
3/23/12,248
3/22/12,206
3/21/12,205
3/20/12,203
3/19/12,199
3/18/12,216
3/17/12,227
3/16/12,232
3/15/12,216
3/14/12,190
3/13/12,209
3/12/12,215
3/11/12,176
3/10/12,194
3/9/12,244
3/8/12,201
3/7/12,193
3/6/12,204
3/5/12,210
3/4/12,234
3/3/12,259
3/2/12,244
3/1/12,224
2/29/12,192
2/28/12,203
2/27/12,223
2/26/12,199
2/25/12,194
2/24/12,204
2/23/12,236
2/22/12,213
2/21/12,206
2/20/12,192
2/19/12,206
2/18/12,201
2/17/12,211
2/16/12,219
2/15/12,192
2/14/12,190
2/13/12,225
2/12/12,199
2/11/12,206
2/10/12,247
2/9/12,229
2/8/12,240
2/7/12,217
2/6/12,242
2/5/12,211
2/4/12,245
2/3/12,271
2/2/12,257
2/1/12,208
1/31/12,215
1/30/12,191
1/29/12,194
1/28/12,237
1/27/12,236
1/26/12,220
1/25/12,213
1/24/12,236
1/23/12,219
1/22/12,201
1/21/12,233
1/20/12,270
1/19/12,254
1/18/12,205
1/17/12,202
1/16/12,189
1/15/12,254
1/14/12,211
1/13/12,214
1/12/12,203
1/11/12,207
1/10/12,171
1/9/12,229
1/8/12,223
1/7/12,178
1/6/12,212
1/5/12,202
1/4/12,205
1/3/12,202
1/2/12,180
1/1/12,252
12/31/11,214
12/30/11,194
12/29/11,203
12/28/11,207
12/27/11,219
12/26/11,196
12/25/11,195
12/24/11,226
12/23/11,208
12/22/11,224
12/21/11,212
12/20/11,228
12/19/11,203
12/18/11,185
12/17/11,223
12/16/11,232
12/15/11,205
12/14/11,240
12/13/11,214
12/12/11,223
12/11/11,204
12/10/11,193
12/9/11,197
12/8/11,204
12/7/11,183
12/6/11,203
12/5/11,195
12/4/11,204
12/3/11,217
12/2/11,235
12/1/11,217
11/30/11,172
11/29/11,210
11/28/11,202
11/27/11,204
11/26/11,202
11/25/11,200
11/24/11,173
11/23/11,230
11/22/11,216
11/21/11,219
11/20/11,178
11/19/11,187
11/18/11,213
11/17/11,239
11/16/11,221
11/15/11,215
11/14/11,199
11/13/11,182
11/12/11,190
11/11/11,196
11/10/11,234
11/9/11,218
11/8/11,197
11/7/11,211
11/6/11,207
11/5/11,247
11/4/11,243
11/3/11,207
11/2/11,182
11/1/11,220
10/31/11,210
10/30/11,242
10/29/11,263
10/28/11,237
10/27/11,196
10/26/11,197
10/25/11,206
10/24/11,223
10/23/11,190
10/22/11,258
10/21/11,200
10/20/11,201
10/19/11,224
10/18/11,199
10/17/11,204
10/16/11,215
10/15/11,199
10/14/11,227
10/13/11,221
10/12/11,187
10/11/11,240
10/10/11,189
10/9/11,191
10/8/11,244
10/7/11,211
10/6/11,206
10/5/11,188
10/4/11,217
10/3/11,205
10/2/11,220
10/1/11,221
9/30/11,230
9/29/11,245
9/28/11,262
9/27/11,183
9/26/11,235
9/25/11,228
9/24/11,260
9/23/11,251
9/22/11,203
9/21/11,208
9/20/11,250
9/19/11,201
9/18/11,216
9/17/11,208
9/16/11,241
9/15/11,160
9/14/11,244
9/13/11,219
9/12/11,207
9/11/11,238
9/10/11,253
9/9/11,264
9/8/11,251
9/7/11,215
9/6/11,241
9/5/11,217
9/4/11,218
9/3/11,241
9/2/11,245
9/1/11,217
8/31/11,215
8/30/11,218
8/29/11,204
8/28/11,243
8/27/11,239
8/26/11,247
8/25/11,266
8/24/11,230
8/23/11,227
8/22/11,250
8/21/11,248
8/20/11,300
8/19/11,239
8/18/11,222
8/17/11,221
8/16/11,234
8/15/11,243
8/14/11,212
8/13/11,241
8/12/11,252
8/11/11,260
8/10/11,243
8/9/11,226
8/8/11,245
8/7/11,240
8/6/11,266
8/5/11,275
8/4/11,258
8/3/11,241
8/2/11,195
8/1/11,240
7/31/11,193
7/30/11,263
7/29/11,237
7/28/11,237
7/27/11,186
7/26/11,242
7/25/11,220
7/24/11,233
7/23/11,272
7/22/11,225
7/21/11,206
7/20/11,237
7/19/11,212
7/18/11,229
7/17/11,243
7/16/11,216
7/15/11,247
7/14/11,200
7/13/11,218
7/12/11,223
7/11/11,236
7/10/11,208
7/9/11,240
7/8/11,229
7/7/11,223
7/6/11,251
7/5/11,280
7/4/11,262
7/3/11,213
7/2/11,248
7/1/11,242
6/30/11,225
6/29/11,234
6/28/11,233
6/27/11,209
6/26/11,261
6/25/11,241
6/24/11,246
6/23/11,218
6/22/11,236
6/21/11,124
6/20/11,241
6/19/11,211
6/18/11,261
6/17/11,235
6/16/11,214
6/15/11,205
6/14/11,219
6/13/11,227
6/12/11,191
6/11/11,233
6/10/11,208
6/9/11,214
6/8/11,242
6/7/11,219
6/6/11,231
6/5/11,230
6/4/11,273
6/3/11,246
6/2/11,242
6/1/11,239
5/31/11,266
5/30/11,179
5/29/11,198
5/28/11,223
5/27/11,223
5/26/11,207
5/25/11,224
5/24/11,218
5/23/11,215
5/22/11,231
5/21/11,262
5/20/11,262
5/19/11,207
5/18/11,246
5/17/11,236
5/16/11,215
5/15/11,204
5/14/11,258
5/13/11,209
5/12/11,235
5/11/11,224
5/10/11,200
5/9/11,224
5/8/11,189
5/7/11,233
5/6/11,229
5/5/11,199
5/4/11,236
5/3/11,226
5/2/11,213
5/1/11,219
4/30/11,220
4/29/11,238
4/28/11,194
4/27/11,197
4/26/11,209
4/25/11,213
4/24/11,231
4/23/11,227
4/22/11,210
4/21/11,207
4/20/11,195
4/19/11,203
4/18/11,207
4/17/11,223
4/16/11,208
4/15/11,217
4/14/11,212
4/13/11,184
4/12/11,198
4/11/11,202
4/10/11,184
4/9/11,227
4/8/11,225
4/7/11,181
4/6/11,204
4/5/11,184
4/4/11,236
4/3/11,214
4/2/11,222
4/1/11,222
3/31/11,208
3/30/11,187
3/29/11,200
3/28/11,189
3/27/11,217
3/26/11,229
3/25/11,282
3/24/11,188
3/23/11,206
3/22/11,210
3/21/11,195
3/20/11,188
3/19/11,219
3/18/11,253
3/17/11,228
3/16/11,228
3/15/11,215
3/14/11,213
3/13/11,195
3/12/11,224
3/11/11,215
3/10/11,189
3/9/11,174
3/8/11,213
3/7/11,252
3/6/11,227
3/5/11,249
3/4/11,240
3/3/11,223
3/2/11,225
3/1/11,222
2/28/11,208
2/27/11,207
2/26/11,236
2/25/11,207
2/24/11,163
2/23/11,187
2/22/11,192
2/21/11,175
2/20/11,199
2/19/11,228
2/18/11,204
2/17/11,202
2/16/11,225
2/15/11,226
2/14/11,219
2/13/11,213
2/12/11,220
2/11/11,208
2/10/11,222
2/9/11,200
2/8/11,213
2/7/11,237
2/6/11,204
2/5/11,223
2/4/11,197
2/3/11,220
2/2/11,234
2/1/11,205
1/31/11,172
1/30/11,196
1/29/11,194
1/28/11,204
1/27/11,201
1/26/11,225
1/25/11,191
1/24/11,205
1/23/11,198
1/22/11,206
1/21/11,238
1/20/11,197
1/19/11,215
1/18/11,196
1/17/11,183
1/16/11,199
1/15/11,217
1/14/11,227
1/13/11,232
1/12/11,198
1/11/11,220
1/10/11,210
1/9/11,192
1/8/11,221
1/7/11,206
1/6/11,163
1/5/11,193
1/4/11,221
1/3/11,207
1/2/11,199
1/1/11,286
12/31/10,250
12/30/10,215
12/29/10,208
12/28/10,215
12/27/10,187
12/26/10,168
12/25/10,196
12/24/10,216
12/23/10,201
12/22/10,188
12/21/10,192
12/20/10,199
12/19/10,221
12/18/10,203
12/17/10,218
12/16/10,221
12/15/10,212
12/14/10,243
12/13/10,232
12/12/10,263
12/11/10,217
12/10/10,222
12/9/10,250
12/8/10,210
12/7/10,191
12/6/10,205
12/5/10,208
12/4/10,237
12/3/10,208
12/2/10,190
12/1/10,217
11/30/10,206
11/29/10,193
11/28/10,217
11/27/10,201
11/26/10,246
11/25/10,340
11/24/10,260
11/23/10,285
11/22/10,328
11/21/10,178
11/20/10,184
11/19/10,219
11/18/10,195
11/17/10,227
11/16/10,206
11/15/10,234
11/14/10,195
11/13/10,229
11/12/10,218
11/11/10,208
11/10/10,209
11/9/10,223
11/8/10,193
11/7/10,233
11/6/10,230
11/5/10,229
11/4/10,222
11/3/10,236
11/2/10,212
11/1/10,211
10/31/10,231
10/30/10,255
10/29/10,230
10/28/10,223
10/27/10,215
10/26/10,229
10/25/10,196
10/24/10,232
10/23/10,218
10/22/10,194
10/21/10,228
10/20/10,255
10/19/10,226
10/18/10,218
10/17/10,245
10/16/10,210
10/15/10,243
10/14/10,229
10/13/10,239
10/12/10,214
10/11/10,222
10/10/10,218
10/9/10,247
10/8/10,234
10/7/10,210
10/6/10,223
10/5/10,236
10/4/10,217
10/3/10,205
10/2/10,237
10/1/10,259
9/30/10,233
9/29/10,208
9/28/10,235
9/27/10,297
9/26/10,209
9/25/10,278
9/24/10,231
9/23/10,223
9/22/10,238
9/21/10,221
9/20/10,224
9/19/10,179
9/18/10,247
9/17/10,250
9/16/10,239
9/15/10,217
9/14/10,205
9/13/10,227
9/12/10,246
9/11/10,244
9/10/10,245
9/9/10,214
9/8/10,199
9/7/10,219
9/6/10,217
9/5/10,203
9/4/10,218
9/3/10,271
9/2/10,219
9/1/10,218
8/31/10,239
8/30/10,202
8/29/10,200
8/28/10,223
8/27/10,211
8/26/10,194
8/25/10,252
8/24/10,230
8/23/10,221
8/22/10,204
8/21/10,236
8/20/10,212
8/19/10,234
8/18/10,143
8/17/10,252
8/16/10,248
8/15/10,256
8/14/10,257
8/13/10,285
8/12/10,228
8/11/10,226
8/10/10,200
8/9/10,215
8/8/10,220
8/7/10,261
8/6/10,247
8/5/10,261
8/4/10,270
8/3/10,270
8/2/10,245
8/1/10,194
7/31/10,208
7/30/10,214
7/29/10,221
7/28/10,223
7/27/10,248
7/26/10,239
7/25/10,245
7/24/10,260
7/23/10,238
7/22/10,224
7/21/10,217
7/20/10,209
7/19/10,198
7/18/10,228
7/17/10,259
7/16/10,228
7/15/10,238
7/14/10,250
7/13/10,210
7/12/10,233
7/11/10,235
7/10/10,262
7/9/10,295
7/8/10,304
7/7/10,280
7/6/10,240
7/5/10,207
7/4/10,221
7/3/10,222
7/2/10,240
7/1/10,236
6/30/10,194
6/29/10,195
6/28/10,227
6/27/10,207
6/26/10,250
6/25/10,210
6/24/10,235
6/23/10,258
6/22/10,234
6/21/10,223
6/20/10,189
6/19/10,223
6/18/10,242
6/17/10,219
6/16/10,216
6/15/10,217
6/14/10,246
6/13/10,214
6/12/10,257
6/11/10,241
6/10/10,245
6/9/10,225
6/8/10,211
6/7/10,211
6/6/10,190
6/5/10,218
6/4/10,194
6/3/10,215
6/2/10,198
6/1/10,207
5/31/10,193
5/30/10,199
5/29/10,219
5/28/10,243
5/27/10,182
5/26/10,222
5/25/10,205
5/24/10,202
5/23/10,211
5/22/10,223
5/21/10,247
5/20/10,191
5/19/10,190
5/18/10,213
5/17/10,227
5/16/10,218
5/15/10,245
5/14/10,237
5/13/10,257
5/12/10,196
5/11/10,204
5/10/10,195
5/9/10,218
5/8/10,238
5/7/10,250
5/6/10,222
5/5/10,217
5/4/10,210
5/3/10,232
5/2/10,196
5/1/10,242
4/30/10,227
4/29/10,227
4/28/10,199
4/27/10,191
4/26/10,202
4/25/10,183
4/24/10,211
4/23/10,208
4/22/10,213
4/21/10,233
4/20/10,221
4/19/10,207
4/18/10,229
4/17/10,194
4/16/10,244
4/15/10,209
4/14/10,138
4/13/10,196
4/12/10,134
4/11/10,221
4/10/10,227
4/9/10,224
4/8/10,177
4/7/10,224
4/6/10,218
4/5/10,219
4/4/10,196
4/3/10,219
4/2/10,213
4/1/10,186
3/31/10,187
3/30/10,179
3/29/10,218
3/28/10,189
3/27/10,207
3/26/10,237
3/25/10,193
3/24/10,207
3/23/10,182
3/22/10,215
3/21/10,212
3/20/10,223
3/19/10,201
3/18/10,184
3/17/10,183
3/16/10,225
3/15/10,239
3/14/10,180
3/13/10,224
3/12/10,217
3/11/10,207
3/10/10,211
3/9/10,196
3/8/10,176
3/7/10,211
3/6/10,209
3/5/10,235
3/4/10,235
3/3/10,235
3/2/10,216
3/1/10,231
2/28/10,189
2/27/10,215
2/26/10,243
2/25/10,193
2/24/10,176
2/23/10,194
2/22/10,189
2/21/10,211
2/20/10,217
2/19/10,194
2/18/10,212
2/17/10,204
2/16/10,199
2/15/10,209
2/14/10,210
2/13/10,184
2/12/10,208
2/11/10,205
2/10/10,228
2/9/10,226
2/8/10,202
2/7/10,199
2/6/10,235
2/5/10,228
2/4/10,208
2/3/10,201
2/2/10,203
2/1/10,216
1/31/10,187
1/30/10,168
1/29/10,191
1/28/10,213
1/27/10,185
1/26/10,190
1/25/10,192
1/24/10,188
1/23/10,215
1/22/10,230
1/21/10,193
1/20/10,213
1/19/10,202
1/18/10,210
1/17/10,209
1/16/10,185
1/15/10,203
1/14/10,183
1/13/10,213
1/12/10,209
1/11/10,221
1/10/10,174
1/9/10,190
1/8/10,228
1/7/10,203
1/6/10,186
1/5/10,206
1/4/10,216
1/3/10,207
1/2/10,201
1/1/10,277
12/31/09,203
12/30/09,170
12/29/09,193
12/28/09,162
12/27/09,211
12/26/09,206
12/25/09,174
12/24/09,200
12/23/09,196
12/22/09,221
12/21/09,196
12/20/09,240
12/19/09,219
12/18/09,224
12/17/09,198
12/16/09,227
12/15/09,204
12/14/09,228
12/13/09,213
12/12/09,266
12/11/09,254
12/10/09,256
12/9/09,292
12/8/09,264
12/7/09,223
12/6/09,223
12/5/09,219
12/4/09,265
12/3/09,228
12/2/09,210
12/1/09,234
11/30/09,184
11/29/09,160
11/28/09,174
11/27/09,182
11/26/09,205
11/25/09,185
11/24/09,217
11/23/09,198
11/22/09,181
11/21/09,217
11/20/09,247
11/19/09,229
11/18/09,229
11/17/09,180
11/16/09,201
11/15/09,185
11/14/09,181
11/13/09,196
11/12/09,241
11/11/09,230
11/10/09,212
11/9/09,196
11/8/09,211
11/7/09,186
11/6/09,254
11/5/09,242
11/4/09,179
11/3/09,218
11/2/09,229
11/1/09,259
10/31/09,232
10/30/09,248
10/29/09,197
10/28/09,214
10/27/09,219
10/26/09,216
10/25/09,200
10/24/09,230
10/23/09,212
10/22/09,204
10/21/09,227
10/20/09,209
10/19/09,236
10/18/09,193
10/17/09,252
10/16/09,291
10/15/09,205
10/14/09,256
10/13/09,203
10/12/09,219
10/11/09,236
10/10/09,244
10/9/09,222
10/8/09,231
10/7/09,213
10/6/09,211
10/5/09,212
10/4/09,189
10/3/09,212
10/2/09,233
10/1/09,200
9/30/09,204
9/29/09,220
9/28/09,205
9/27/09,229
9/26/09,259
9/25/09,227
9/24/09,199
9/23/09,230
9/22/09,220
9/21/09,193
9/20/09,183
9/19/09,218
9/18/09,216
9/17/09,218
9/16/09,218
9/15/09,248
9/14/09,217
9/13/09,205
9/12/09,260
9/11/09,267
9/10/09,220
9/9/09,202
9/8/09,204
9/7/09,204
9/6/09,196
9/5/09,222
9/4/09,252
9/3/09,226
9/2/09,231
9/1/09,196
8/31/09,222
8/30/09,205
8/29/09,220
8/28/09,237
8/27/09,233
8/26/09,180
8/25/09,211
8/24/09,216
8/23/09,204
8/22/09,210
8/21/09,234
8/20/09,235
8/19/09,219
8/18/09,214
8/17/09,229
8/16/09,250
8/15/09,256
8/14/09,234
8/13/09,198
8/12/09,168
8/11/09,257
8/10/09,227
8/9/09,216
8/8/09,232
8/7/09,227
8/6/09,240
8/5/09,243
8/4/09,225
8/3/09,227
8/2/09,262
8/1/09,304
7/31/09,267
7/30/09,281
7/29/09,409
7/28/09,289
7/27/09,255
7/26/09,229
7/25/09,284
7/24/09,219
7/23/09,213
7/22/09,242
7/21/09,245
7/20/09,238
7/19/09,205
7/18/09,242
7/17/09,240
7/16/09,257
7/15/09,244
7/14/09,227
7/13/09,214
7/12/09,211
7/11/09,271
7/10/09,262
7/9/09,239
7/8/09,214
7/7/09,241
7/6/09,228
7/5/09,257
7/4/09,327
7/3/09,244
7/2/09,259
7/1/09,269
6/30/09,230
6/29/09,233
6/28/09,241
6/27/09,254
6/26/09,244
6/25/09,234
6/24/09,240
6/23/09,188
6/22/09,219
6/21/09,187
6/20/09,216
6/19/09,230
6/18/09,232
6/17/09,208
6/16/09,215
6/15/09,236
6/14/09,199
6/13/09,222
6/12/09,250
6/11/09,252
6/10/09,220
6/9/09,243
6/8/09,199
6/7/09,202
6/6/09,219
6/5/09,267
6/4/09,301
6/3/09,248
6/2/09,253
6/1/09,280
5/31/09,218
5/30/09,224
5/29/09,272
5/28/09,225
5/27/09,184
5/26/09,212
5/25/09,203
5/24/09,236
5/23/09,242
5/22/09,230
5/21/09,217
5/20/09,212
5/19/09,200
5/18/09,211
5/17/09,219
5/16/09,247
5/15/09,247
5/14/09,236
5/13/09,206
5/12/09,108
5/11/09,201
5/10/09,212
5/9/09,243
5/8/09,214
5/7/09,188
5/6/09,209
5/5/09,216
5/4/09,243
5/3/09,184
5/2/09,239
5/1/09,249
4/30/09,239
4/29/09,203
4/28/09,200
4/27/09,184
4/26/09,202
4/25/09,222
4/24/09,220
4/23/09,184
4/22/09,201
4/21/09,219
4/20/09,207
4/19/09,194
4/18/09,235
4/17/09,222
4/16/09,218
4/15/09,240
4/14/09,213
4/13/09,219
4/12/09,167
4/11/09,206
4/10/09,227
4/9/09,233
4/8/09,203
4/7/09,217
4/6/09,239
4/5/09,224
4/4/09,226
4/3/09,217
4/2/09,218
4/1/09,225
3/31/09,210
3/30/09,171
3/29/09,194
3/28/09,187
3/27/09,212
3/26/09,199
3/25/09,200
3/24/09,204
3/23/09,203
3/22/09,205
3/21/09,202
3/20/09,230
3/19/09,224
3/18/09,221
3/17/09,220
3/16/09,208
3/15/09,207
3/14/09,175
3/13/09,213
3/12/09,228
3/11/09,236
3/10/09,205
3/9/09,241
3/8/09,172
3/7/09,183
3/6/09,200
3/5/09,212
3/4/09,216
3/3/09,248
3/2/09,213
3/1/09,205
2/28/09,237
2/27/09,216
2/26/09,202
2/25/09,183
2/24/09,201
2/23/09,213
2/22/09,196
2/21/09,220
2/20/09,190
2/19/09,210
2/18/09,223
2/17/09,193
2/16/09,183
2/15/09,190
2/14/09,202
2/13/09,233
2/12/09,253
2/11/09,240
2/10/09,169
2/9/09,224
2/8/09,184
2/7/09,212
2/6/09,187
2/5/09,206
2/4/09,234
2/3/09,205
2/2/09,196
2/1/09,187
1/31/09,220
1/30/09,211
1/29/09,191
1/28/09,191
1/27/09,216
1/26/09,211
1/25/09,218
1/24/09,203
1/23/09,214
1/22/09,202
1/21/09,185
1/20/09,187
1/19/09,187
1/18/09,204
1/17/09,210
1/16/09,218
1/15/09,190
1/14/09,199
1/13/09,212
1/12/09,211
1/11/09,204
1/10/09,241
1/9/09,225
1/8/09,194
1/7/09,227
1/6/09,215
1/5/09,234
1/4/09,233
1/3/09,223
1/2/09,182
1/1/09,259
12/31/08,221
12/30/08,230
12/29/08,208
12/28/08,209
12/27/08,187
12/26/08,210
12/25/08,223
12/24/08,263
12/23/08,284
12/22/08,319
12/21/08,318
12/20/08,309
12/19/08,303
12/18/08,314
12/17/08,215
12/16/08,218
12/15/08,236
12/14/08,245
12/13/08,231
12/12/08,218
12/11/08,200
12/10/08,214
12/9/08,200
12/8/08,195
12/7/08,226
12/6/08,219
12/5/08,220
12/4/08,228
12/3/08,204
12/2/08,205
12/1/08,222
11/30/08,199
11/29/08,201
11/28/08,181
11/27/08,193
11/26/08,233
11/25/08,218
11/24/08,247
11/23/08,203
11/22/08,199
11/21/08,209
11/20/08,196
11/19/08,209
11/18/08,216
11/17/08,218
11/16/08,206
11/15/08,267
11/14/08,219
11/13/08,204
11/12/08,254
11/11/08,177
11/10/08,207
11/9/08,182
11/8/08,247
11/7/08,240
11/6/08,250
11/5/08,225
11/4/08,237
11/3/08,200
11/2/08,199
11/1/08,270
10/31/08,250
10/30/08,189
10/29/08,242
10/28/08,227
10/27/08,199
10/26/08,207
10/25/08,202
10/24/08,244
10/23/08,194
10/22/08,236
10/21/08,236
10/20/08,210
10/19/08,195
10/18/08,230
10/17/08,240
10/16/08,189
10/15/08,207
10/14/08,211
10/13/08,206
10/12/08,209
10/11/08,216
10/10/08,213
10/9/08,221
10/8/08,225
10/7/08,225
10/6/08,205
10/5/08,200
10/4/08,271
10/3/08,276
10/2/08,227
10/1/08,224
9/30/08,197
9/29/08,229
9/28/08,232
9/27/08,247
9/26/08,226
9/25/08,192
9/24/08,203
9/23/08,218
9/22/08,227
9/21/08,200
9/20/08,244
9/19/08,229
9/18/08,208
9/17/08,213
9/16/08,232
9/15/08,226
9/14/08,237
9/13/08,247
9/12/08,243
9/11/08,237
9/10/08,240
9/9/08,228
9/8/08,223
9/7/08,192
9/6/08,212
9/5/08,214
9/4/08,199
9/3/08,233
9/2/08,228
9/1/08,188
8/31/08,203
8/30/08,214
8/29/08,233
8/28/08,211
8/27/08,207
8/26/08,212
8/25/08,209
8/24/08,201
8/23/08,240
8/22/08,243
8/21/08,234
8/20/08,208
8/19/08,215
8/18/08,228
8/17/08,271
8/16/08,286
8/15/08,261
8/14/08,256
8/13/08,232
8/12/08,248
8/11/08,252
8/10/08,207
8/9/08,227
8/8/08,241
8/7/08,267
8/6/08,241
8/5/08,266
8/4/08,270
8/3/08,249
8/2/08,254
8/1/08,230
7/31/08,223
7/30/08,206
7/29/08,213
7/28/08,213
7/27/08,206
7/26/08,219
7/25/08,253
7/24/08,210
7/23/08,213
7/22/08,228
7/21/08,252
7/20/08,246
7/19/08,240
7/18/08,241
7/17/08,230
7/16/08,225
7/15/08,231
7/14/08,235
7/13/08,211
7/12/08,288
7/11/08,279
7/10/08,216
7/9/08,227
7/8/08,250
7/7/08,261
7/6/08,201
7/5/08,230
7/4/08,231
7/3/08,285
7/2/08,233
7/1/08,240
6/30/08,289
6/29/08,305
6/28/08,259
6/27/08,229
6/26/08,233
6/25/08,227
6/24/08,209
6/23/08,229
6/22/08,174
6/21/08,274
6/20/08,280
6/19/08,221
6/18/08,249
6/17/08,230
6/16/08,235
6/15/08,214
6/14/08,221
6/13/08,220
6/12/08,201
6/11/08,220
6/10/08,223
6/9/08,201
6/8/08,176
6/7/08,209
6/6/08,229
6/5/08,226
6/4/08,222
6/3/08,218
6/2/08,224
6/1/08,209
5/31/08,235
5/30/08,247
5/29/08,224
5/28/08,212
5/27/08,223
5/26/08,213
5/25/08,242
5/24/08,245
5/23/08,220
5/22/08,228
5/21/08,238
5/20/08,230
5/19/08,235
5/18/08,243
5/17/08,312
5/16/08,267
5/15/08,230
5/14/08,194
5/13/08,236
5/12/08,235
5/11/08,213
5/10/08,222
5/9/08,210
5/8/08,217
5/7/08,199
5/6/08,243
5/5/08,226
5/4/08,228
5/3/08,233
5/2/08,220
5/1/08,215
4/30/08,227
4/29/08,198
4/28/08,224
4/27/08,219
4/26/08,258
4/25/08,223
4/24/08,184
4/23/08,202
4/22/08,213
4/21/08,213
4/20/08,179
4/19/08,198
4/18/08,214
4/17/08,203
4/16/08,221
4/15/08,197
4/14/08,212
4/13/08,197
4/12/08,274
4/11/08,238
4/10/08,228
4/9/08,207
4/8/08,223
4/7/08,257
4/6/08,208
4/5/08,204
4/4/08,205
4/3/08,248
4/2/08,224
4/1/08,217
3/31/08,191
3/30/08,207
3/29/08,228
3/28/08,242
3/27/08,207
3/26/08,181
3/25/08,193
3/24/08,239
3/23/08,198
3/22/08,213
3/21/08,217
3/20/08,216
3/19/08,236
3/18/08,95
3/17/08,223
3/16/08,202
3/15/08,205
3/14/08,222
3/13/08,191
3/12/08,204
3/11/08,215
3/10/08,234
3/9/08,201
3/8/08,239
3/7/08,215
3/6/08,199
3/5/08,233
3/4/08,223
3/3/08,219
3/2/08,206
3/1/08,226
2/29/08,242
2/28/08,209
2/27/08,200
2/26/08,206
2/25/08,223
2/24/08,224
2/23/08,231
2/22/08,223
2/21/08,237
2/20/08,215
2/19/08,213
2/18/08,218
2/17/08,204
2/16/08,244
2/15/08,209
2/14/08,238
2/13/08,192
2/12/08,200
2/11/08,222
2/10/08,237
2/9/08,234
2/8/08,245
2/7/08,222
2/6/08,202
2/5/08,208
2/4/08,238
2/3/08,216
2/2/08,216
2/1/08,223
1/31/08,218
1/30/08,199
1/29/08,177
1/28/08,195
1/27/08,206
1/26/08,224
1/25/08,267
1/24/08,228
1/23/08,230
1/22/08,253
1/21/08,202
1/20/08,198
1/19/08,221
1/18/08,227
1/17/08,208
1/16/08,215
1/15/08,232
1/14/08,199
1/13/08,215
1/12/08,210
1/11/08,232
1/10/08,186
1/9/08,230
1/8/08,245
1/7/08,204
1/6/08,211
1/5/08,228
1/4/08,204
1/3/08,196
1/2/08,211
1/1/08,241
12/31/07,213
12/30/07,186
12/29/07,202
12/28/07,220
12/27/07,199
12/26/07,187
12/25/07,138
12/24/07,207
12/23/07,215
12/22/07,205
12/21/07,199
12/20/07,213
12/19/07,265
12/18/07,219
12/17/07,234
12/16/07,186
12/15/07,202
12/14/07,237
12/13/07,192
12/12/07,253
12/11/07,214
12/10/07,206
12/9/07,213
12/8/07,237
12/7/07,213
12/6/07,218
12/5/07,232
12/4/07,217
12/3/07,390
12/2/07,206
12/1/07,234
11/30/07,239
11/29/07,193
11/28/07,208
11/27/07,195
11/26/07,240
11/25/07,204
11/24/07,210
11/23/07,186
11/22/07,183
11/21/07,200
11/20/07,193
11/19/07,222
11/18/07,194
11/17/07,221
11/16/07,214
11/15/07,235
11/14/07,211
11/13/07,215
11/12/07,213
11/11/07,187
11/10/07,253
11/9/07,203
11/8/07,208
11/7/07,212
11/6/07,248
11/5/07,225
11/4/07,199
11/3/07,256
11/2/07,246
11/1/07,226
10/31/07,202
10/30/07,216
10/29/07,199
10/28/07,244
10/27/07,196
10/26/07,235
10/25/07,197
10/24/07,220
10/23/07,211
10/22/07,211
10/21/07,228
10/20/07,228
10/19/07,247
10/18/07,287
10/17/07,217
10/16/07,225
10/15/07,193
10/14/07,246
10/13/07,236
10/12/07,266
10/11/07,227
10/10/07,217
10/9/07,236
10/8/07,217
10/7/07,211
10/6/07,250
10/5/07,234
10/4/07,225
10/3/07,234
10/2/07,227
10/1/07,222
9/30/07,231
9/29/07,218
9/28/07,236
9/27/07,242
9/26/07,222
9/25/07,230
9/24/07,234
9/23/07,244
9/22/07,195
9/21/07,256
9/20/07,224
9/19/07,219
9/18/07,201
9/17/07,224
9/16/07,233
9/15/07,224
9/14/07,232
9/13/07,228
9/12/07,217
9/11/07,237
9/10/07,261
9/9/07,242
9/8/07,253
9/7/07,239
9/6/07,238
9/5/07,215
9/4/07,232
9/3/07,209
9/2/07,208
9/1/07,250
8/31/07,245
8/30/07,225
8/29/07,233
8/28/07,249
8/27/07,243
8/26/07,198
8/25/07,205
8/24/07,248
8/23/07,222
8/22/07,210
8/21/07,228
8/20/07,230
8/19/07,206
8/18/07,222
8/17/07,254
8/16/07,244
8/15/07,261
8/14/07,248
8/13/07,237
8/12/07,204
8/11/07,238
8/10/07,217
8/9/07,219
8/8/07,212
8/7/07,234
8/6/07,214
8/5/07,255
8/4/07,257
8/3/07,242
8/2/07,249
8/1/07,258
7/31/07,231
7/30/07,212
7/29/07,233
7/28/07,247
7/27/07,232
7/26/07,230
7/25/07,226
7/24/07,212
7/23/07,251
7/22/07,252
7/21/07,251
7/20/07,221
7/19/07,235
7/18/07,229
7/17/07,216
7/16/07,244
7/15/07,269
7/14/07,281
7/13/07,273
7/12/07,268
7/11/07,308
7/10/07,256
7/9/07,234
7/8/07,229
7/7/07,231
7/6/07,247
7/5/07,301
7/4/07,269
7/3/07,279
7/2/07,244
7/1/07,260
6/30/07,249
6/29/07,234
6/28/07,255
6/27/07,217
6/26/07,235
6/25/07,212
6/24/07,213
6/23/07,229
6/22/07,250
6/21/07,269
6/20/07,245
6/19/07,219
6/18/07,222
6/17/07,207
6/16/07,256
6/15/07,251
6/14/07,212
6/13/07,215
6/12/07,228
6/11/07,223
6/10/07,220
6/9/07,202
6/8/07,228
6/7/07,224
6/6/07,205
6/5/07,210
6/4/07,247
6/3/07,260
6/2/07,259
6/1/07,238
5/31/07,248
5/30/07,238
5/29/07,247
5/28/07,187
5/27/07,193
5/26/07,187
5/25/07,259
5/24/07,240
5/23/07,243
5/22/07,246
5/21/07,223
5/20/07,218
5/19/07,239
5/18/07,243
5/17/07,219
5/16/07,198
5/15/07,241
5/14/07,205
5/13/07,192
5/12/07,236
5/11/07,243
5/10/07,251
5/9/07,250
5/8/07,220
5/7/07,230
5/6/07,202
5/5/07,229
5/4/07,255
5/3/07,212
5/2/07,226
5/1/07,250
4/30/07,215
4/29/07,202
4/28/07,235
4/27/07,237
4/26/07,218
4/25/07,205
4/24/07,199
4/23/07,238
4/22/07,208
4/21/07,213
4/20/07,252
4/19/07,212
4/18/07,207
4/17/07,216
4/16/07,190
4/15/07,220
4/14/07,199
4/13/07,198
4/12/07,219
4/11/07,214
4/10/07,192
4/9/07,220
4/8/07,173
4/7/07,220
4/6/07,256
4/5/07,239
4/4/07,234
4/3/07,181
4/2/07,232
4/1/07,166
3/31/07,251
3/30/07,252
3/29/07,202
3/28/07,190
3/27/07,206
3/26/07,197
3/25/07,229
3/24/07,217
3/23/07,214
3/22/07,222
3/21/07,194
3/20/07,184
3/19/07,232
3/18/07,236
3/17/07,198
3/16/07,232
3/15/07,215
3/14/07,191
3/13/07,187
3/12/07,219
3/11/07,190
3/10/07,194
3/9/07,233
3/8/07,200
3/7/07,220
3/6/07,249
3/5/07,231
3/4/07,216
3/3/07,198
3/2/07,249
3/1/07,194
2/28/07,221
2/27/07,216
2/26/07,195
2/25/07,175
2/24/07,194
2/23/07,184
2/22/07,218
2/21/07,218
2/20/07,209
2/19/07,179
2/18/07,226
2/17/07,242
2/16/07,213
2/15/07,247
2/14/07,187
2/13/07,207
2/12/07,200
2/11/07,193
2/10/07,204
2/9/07,228
2/8/07,219
2/7/07,232
2/6/07,234
2/5/07,229
2/4/07,244
2/3/07,233
2/2/07,220
2/1/07,233
1/31/07,216
1/30/07,200
1/29/07,214
1/28/07,187
1/27/07,215
1/26/07,199
1/25/07,225
1/24/07,205
1/23/07,223
1/22/07,194
1/21/07,182
1/20/07,203
1/19/07,233
1/18/07,184
1/17/07,217
1/16/07,203
1/15/07,206
1/14/07,219
1/13/07,203
1/12/07,225
1/11/07,233
1/10/07,218
1/9/07,221
1/8/07,198
1/7/07,209
1/6/07,225
1/5/07,272
1/4/07,226
1/3/07,220
1/2/07,202
1/1/07,237
12/31/06,221
12/30/06,211
12/29/06,219
12/28/06,224
12/27/06,212
12/26/06,180
12/25/06,187
12/24/06,199
12/23/06,231
12/22/06,204
12/21/06,221
12/20/06,239
12/19/06,235
12/18/06,260
12/17/06,264
12/16/06,297
12/15/06,611
12/14/06,344
12/13/06,237
12/12/06,228
12/11/06,239
12/10/06,228
12/9/06,242
12/8/06,241
12/7/06,231
12/6/06,234
12/5/06,190
12/4/06,195
12/3/06,201
12/2/06,233
12/1/06,234
11/30/06,265
11/29/06,275
11/28/06,236
11/27/06,223
11/26/06,236
11/25/06,205
11/24/06,169
11/23/06,207
11/22/06,213
11/21/06,227
11/20/06,197
11/19/06,199
11/18/06,208
11/17/06,216
11/16/06,203
11/15/06,216
11/14/06,201
11/13/06,211
11/12/06,190
11/11/06,198
11/10/06,234
11/9/06,199
11/8/06,197
11/7/06,252
11/6/06,287
11/5/06,202
11/4/06,234
11/3/06,277
11/2/06,256
11/1/06,220
10/31/06,225
10/30/06,215
10/29/06,228
10/28/06,234
10/27/06,227
10/26/06,199
10/25/06,197
10/24/06,205
10/23/06,194
10/22/06,211
10/21/06,236
10/20/06,221
10/19/06,245
10/18/06,251
10/17/06,207
10/16/06,194
10/15/06,197
10/14/06,237
10/13/06,232
10/12/06,230
10/11/06,216
10/10/06,227
10/9/06,221
10/8/06,217
10/7/06,224
10/6/06,209
10/5/06,231
10/4/06,226
10/3/06,219
10/2/06,241
10/1/06,208
9/30/06,219
9/29/06,260
9/28/06,236
9/27/06,256
9/26/06,250
9/25/06,254
9/24/06,231
9/23/06,223
9/22/06,198
9/21/06,205
9/20/06,200
9/19/06,216
9/18/06,227
9/17/06,208
9/16/06,228
9/15/06,228
9/14/06,226
9/13/06,218
9/12/06,252
9/11/06,251
9/10/06,206
9/9/06,224
9/8/06,234
9/7/06,224
9/6/06,244
9/5/06,223
9/4/06,223
9/3/06,268
9/2/06,274
9/1/06,271
8/31/06,211
8/30/06,231
8/29/06,237
8/28/06,244
8/27/06,254
8/26/06,255
8/25/06,242
8/24/06,226
8/23/06,224
8/22/06,217
8/21/06,224
8/20/06,236
8/19/06,262
8/18/06,230
8/17/06,215
8/16/06,228
8/15/06,234
8/14/06,243
8/13/06,211
8/12/06,239
8/11/06,224
8/10/06,259
8/9/06,226
8/8/06,225
8/7/06,264
8/6/06,246
8/5/06,246
8/4/06,279
8/3/06,239
8/2/06,219
8/1/06,240
7/31/06,234
7/30/06,208
7/29/06,232
7/28/06,238
7/27/06,261
7/26/06,253
7/25/06,269
7/24/06,319
7/23/06,283
7/22/06,295
7/21/06,318
7/20/06,253
7/19/06,251
7/18/06,214
7/17/06,211
7/16/06,249
7/15/06,233
7/14/06,251
7/13/06,227
7/12/06,225
7/11/06,258
7/10/06,243
7/9/06,265
7/8/06,258
7/7/06,245
7/6/06,226
7/5/06,277
7/4/06,267
7/3/06,274
7/2/06,259
7/1/06,264
6/30/06,272
6/29/06,262
6/28/06,228
6/27/06,251
6/26/06,276
6/25/06,250
6/24/06,258
6/23/06,246
6/22/06,199
6/21/06,228
6/20/06,225
6/19/06,212
6/18/06,225
6/17/06,226
6/16/06,241
6/15/06,213
6/14/06,237
6/13/06,207
6/12/06,248
6/11/06,235
6/10/06,246
6/9/06,259
6/8/06,242
6/7/06,218
6/6/06,249
6/5/06,235
6/4/06,239
6/3/06,256
6/2/06,246
6/1/06,226
5/31/06,243
5/30/06,224
5/29/06,179
5/28/06,207
5/27/06,239
5/26/06,231
5/25/06,270
5/24/06,221
5/23/06,227
5/22/06,236
5/21/06,236
5/20/06,241
5/19/06,211
5/18/06,244
5/17/06,247
5/16/06,271
5/15/06,244
5/14/06,221
5/13/06,244
5/12/06,224
5/11/06,225
5/10/06,224
5/9/06,224
5/8/06,226
5/7/06,166
5/6/06,229
5/5/06,203
5/4/06,254
5/3/06,231
5/2/06,187
5/1/06,207
4/30/06,190
4/29/06,221
4/28/06,238
4/27/06,226
4/26/06,214
4/25/06,215
4/24/06,242
4/23/06,240
4/22/06,224
4/21/06,212
4/20/06,222
4/19/06,231
4/18/06,212
4/17/06,213
4/16/06,184
4/15/06,207
4/14/06,209
4/13/06,231
4/12/06,194
4/11/06,201
4/10/06,222
4/9/06,217
4/8/06,222
4/7/06,196
4/6/06,224
4/5/06,277
4/4/06,245
4/3/06,246
4/2/06,185
4/1/06,207
3/31/06,236
3/30/06,225
3/29/06,235
3/28/06,211
3/27/06,224
3/26/06,172
3/25/06,203
3/24/06,211
3/23/06,190
3/22/06,216
3/21/06,216
3/20/06,208
3/19/06,219
3/18/06,218
3/17/06,223
3/16/06,199
3/15/06,193
3/14/06,202
3/13/06,241
3/12/06,206
3/11/06,206
3/10/06,229
3/9/06,218
3/8/06,215
3/7/06,193
3/6/06,194
3/5/06,201
3/4/06,209
3/3/06,233
3/2/06,222
3/1/06,253
2/28/06,219
2/27/06,249
2/26/06,218
2/25/06,198
2/24/06,232
2/23/06,221
2/22/06,209
2/21/06,200
2/20/06,191
2/19/06,215
2/18/06,261
2/17/06,284
2/16/06,227
2/15/06,138
2/14/06,209
2/13/06,191
2/12/06,211
2/11/06,211
2/10/06,236
2/9/06,198
2/8/06,242
2/7/06,218
2/6/06,218
2/5/06,209
2/4/06,266
2/3/06,224
2/2/06,228
2/1/06,213
1/31/06,194
1/30/06,200
1/29/06,195
1/28/06,217
1/27/06,229
1/26/06,180
1/25/06,191
1/24/06,203
1/23/06,189
1/22/06,228
1/21/06,199
1/20/06,224
1/19/06,221
1/18/06,215
1/17/06,211
1/16/06,187
1/15/06,173
1/14/06,225
1/13/06,214
1/12/06,236
1/11/06,225
1/10/06,242
1/9/06,225
1/8/06,168
1/7/06,211
1/6/06,236
1/5/06,216
1/4/06,222
1/3/06,233
1/2/06,179
1/1/06,275
12/31/05,221
12/30/05,235
12/29/05,203
12/28/05,191
12/27/05,220
12/26/05,194
12/25/05,229
12/24/05,256
12/23/05,245
12/22/05,225
12/21/05,192
12/20/05,225
12/19/05,213
12/18/05,219
12/17/05,252
12/16/05,228
12/15/05,213
12/14/05,198
12/13/05,235
12/12/05,195
12/11/05,196
12/10/05,210
12/9/05,218
12/8/05,219
12/7/05,205
12/6/05,182
12/5/05,226
12/4/05,212
12/3/05,241
12/2/05,232
12/1/05,228
11/30/05,217
11/29/05,184
11/28/05,231
11/27/05,185
11/26/05,192
11/25/05,234
11/24/05,187
11/23/05,200
11/22/05,217
11/21/05,203
11/20/05,209
11/19/05,216
11/18/05,207
11/17/05,229
11/16/05,214
11/15/05,203
11/14/05,179
11/13/05,189
11/12/05,210
11/11/05,181
11/10/05,215
11/9/05,205
11/8/05,153
11/7/05,195
11/6/05,224
11/5/05,227
11/4/05,273
11/3/05,227
11/2/05,204
11/1/05,251
10/31/05,193
10/30/05,217
10/29/05,234
10/28/05,201
10/27/05,217
10/26/05,207
10/25/05,205
10/24/05,211
10/23/05,211
10/22/05,246
10/21/05,245
10/20/05,203
10/19/05,211
10/18/05,204
10/17/05,216
10/16/05,209
10/15/05,217
10/14/05,237
10/13/05,211
10/12/05,204
10/11/05,206
10/10/05,226
10/9/05,211
10/8/05,224
10/7/05,233
10/6/05,240
10/5/05,202
10/4/05,246
10/3/05,231
10/2/05,246
10/1/05,238
9/30/05,220
9/29/05,253
9/28/05,243
9/27/05,205
9/26/05,214
9/25/05,215
9/24/05,256
9/23/05,237
9/22/05,206
9/21/05,234
9/20/05,211
9/19/05,222
9/18/05,213
9/17/05,242
9/16/05,265
9/15/05,205
9/14/05,216
9/13/05,225
9/12/05,204
9/11/05,197
9/10/05,247
9/9/05,208
9/8/05,233
9/7/05,245
9/6/05,259
9/5/05,201
9/4/05,240
9/3/05,220
9/2/05,230
9/1/05,232
8/31/05,210
8/30/05,200
8/29/05,213
8/28/05,229
8/27/05,257
8/26/05,245
8/25/05,198
8/24/05,261
8/23/05,222
8/22/05,223
8/21/05,243
8/20/05,226
8/19/05,237
8/18/05,237
8/17/05,244
8/16/05,205
8/15/05,241
8/14/05,209
8/13/05,235
8/12/05,262
8/11/05,240
8/10/05,200
8/9/05,221
8/8/05,215
8/7/05,238
8/6/05,223
8/5/05,273
8/4/05,225
8/3/05,262
8/2/05,210
8/1/05,224
7/31/05,247
7/30/05,270
7/29/05,222
7/28/05,215
7/27/05,253
7/26/05,246
7/25/05,217
7/24/05,193
7/23/05,215
7/22/05,258
7/21/05,201
7/20/05,208
7/19/05,212
7/18/05,257
7/17/05,204
7/16/05,224
7/15/05,231
7/14/05,218
7/13/05,210
7/12/05,215
7/11/05,214
7/10/05,228
7/9/05,277
7/8/05,223
7/7/05,216
7/6/05,225
7/5/05,237
7/4/05,266
7/3/05,236
7/2/05,238
7/1/05,226
6/30/05,201
6/29/05,236
6/28/05,202
6/27/05,176
6/26/05,201
6/25/05,163
6/24/05,243
6/23/05,246
6/22/05,221
6/21/05,226
6/20/05,235
6/19/05,217
6/18/05,227
6/17/05,211
6/16/05,212
6/15/05,219
6/14/05,204
6/13/05,196
6/12/05,200
6/11/05,208
6/10/05,230
6/9/05,213
6/8/05,204
6/7/05,214
6/6/05,209
6/5/05,205
6/4/05,226
6/3/05,206
6/2/05,213
6/1/05,177
5/31/05,210
5/30/05,199
5/29/05,203
5/28/05,247
5/27/05,263
5/26/05,248
5/25/05,243
5/24/05,229
5/23/05,208
5/22/05,194
5/21/05,232
5/20/05,257
5/19/05,210
5/18/05,211
5/17/05,224
5/16/05,224
5/15/05,185
5/14/05,221
5/13/05,225
5/12/05,228
5/11/05,159
5/10/05,193
5/9/05,211
5/8/05,213
5/7/05,221
5/6/05,227
5/5/05,221
5/4/05,225
5/3/05,234
5/2/05,222
5/1/05,219
4/30/05,216
4/29/05,214
4/28/05,200
4/27/05,213
4/26/05,228
4/25/05,226
4/24/05,186
4/23/05,214
4/22/05,235
4/21/05,194
4/20/05,228
4/19/05,222
4/18/05,219
4/17/05,177
4/16/05,193
4/15/05,239
4/14/05,211
4/13/05,233
4/12/05,223
4/11/05,214
4/10/05,175
4/9/05,207
4/8/05,185
4/7/05,191
4/6/05,229
4/5/05,212
4/4/05,214
4/3/05,186
4/2/05,218
4/1/05,210
3/31/05,206
3/30/05,199
3/29/05,195
3/28/05,193
3/27/05,179
3/26/05,215
3/25/05,206
3/24/05,216
3/23/05,208
3/22/05,216
3/21/05,193
3/20/05,209
3/19/05,249
3/18/05,233
3/17/05,191
3/16/05,177
3/15/05,193
3/14/05,220
3/13/05,198
3/12/05,224
3/11/05,212
3/10/05,192
3/9/05,233
3/8/05,215
3/7/05,230
3/6/05,204
3/5/05,219
3/4/05,211
3/3/05,227
3/2/05,218
3/1/05,215
2/28/05,225
2/27/05,212
2/26/05,243
2/25/05,239
2/24/05,226
2/23/05,225
2/22/05,205
2/21/05,177
2/20/05,188
2/19/05,209
2/18/05,235
2/17/05,223
2/16/05,225
2/15/05,231
2/14/05,207
2/13/05,187
2/12/05,201
2/11/05,236
2/10/05,228
2/9/05,203
2/8/05,212
2/7/05,218
2/6/05,167
2/5/05,228
2/4/05,221
2/3/05,232
2/2/05,217
2/1/05,190
1/31/05,220
1/30/05,217
1/29/05,178
1/28/05,270
1/27/05,221
1/26/05,227
1/25/05,201
1/24/05,233
1/23/05,202
1/22/05,230
1/21/05,233
1/20/05,220
1/19/05,272
1/18/05,259
1/17/05,189
1/16/05,187
1/15/05,214
1/14/05,228
1/13/05,223
1/12/05,223
1/11/05,197
1/10/05,228
1/9/05,183
1/8/05,229
1/7/05,210
1/6/05,208
1/5/05,222
1/4/05,190
1/3/05,213
1/2/05,178
1/1/05,254
12/31/04,221
12/30/04,216
12/29/04,221
12/28/04,203
12/27/04,223
12/26/04,170
12/25/04,172
12/24/04,222
12/23/04,200
12/22/04,195
12/21/04,178
12/20/04,226
12/19/04,220
12/18/04,233
12/17/04,213
12/16/04,200
12/15/04,225
12/14/04,198
12/13/04,263
12/12/04,163
12/11/04,196
12/10/04,272
12/9/04,242
12/8/04,227
12/7/04,224
12/6/04,226
12/5/04,194
12/4/04,208
12/3/04,230
12/2/04,232
12/1/04,219
11/30/04,199
11/29/04,188
11/28/04,190
11/27/04,168
11/26/04,188
11/25/04,187
11/24/04,220
11/23/04,208
11/22/04,194
11/21/04,221
11/20/04,223
11/19/04,215
11/18/04,183
11/17/04,230
11/16/04,205
11/15/04,216
11/14/04,183
11/13/04,193
11/12/04,206
11/11/04,172
11/10/04,214
11/9/04,178
11/8/04,185
11/7/04,202
11/6/04,224
11/5/04,217
11/4/04,256
11/3/04,221
11/2/04,219
11/1/04,202
10/31/04,234
10/30/04,226
10/29/04,230
10/28/04,230
10/27/04,216
10/26/04,200
10/25/04,243
10/24/04,208
10/23/04,193
10/22/04,213
10/21/04,219
10/20/04,212
10/19/04,234
10/18/04,191
10/17/04,174
10/16/04,222
10/15/04,214
10/14/04,207
10/13/04,230
10/12/04,189
10/11/04,202
10/10/04,198
10/9/04,190
10/8/04,235
10/7/04,213
10/6/04,179
10/5/04,241
10/4/04,261
10/3/04,189
10/2/04,244
10/1/04,261
9/30/04,232
9/29/04,220
9/28/04,229
9/27/04,227
9/26/04,183
9/25/04,214
9/24/04,228
9/23/04,214
9/22/04,219
9/21/04,231
9/20/04,202
9/19/04,208
9/18/04,208
9/17/04,217
9/16/04,223
9/15/04,208
9/14/04,230
9/13/04,209
9/12/04,210
9/11/04,203
9/10/04,242
9/9/04,233
9/8/04,253
9/7/04,248
9/6/04,199
9/5/04,233
9/4/04,208
9/3/04,228
9/2/04,209
9/1/04,216
8/31/04,214
8/30/04,247
8/29/04,213
8/28/04,240
8/27/04,230
8/26/04,240
8/25/04,229
8/24/04,200
8/23/04,193
8/22/04,220
8/21/04,216
8/20/04,262
8/19/04,225
8/18/04,225
8/17/04,237
8/16/04,218
8/15/04,245
8/14/04,247
8/13/04,272
8/12/04,254
8/11/04,229
8/10/04,247
8/9/04,220
8/8/04,217
8/7/04,237
8/6/04,255
8/5/04,270
8/4/04,268
8/3/04,215
8/2/04,229
8/1/04,229
7/31/04,250
7/30/04,213
7/29/04,226
7/28/04,230
7/27/04,231
7/26/04,218
7/25/04,239
7/24/04,329
7/23/04,302
7/22/04,250
7/21/04,237
7/20/04,200
7/19/04,230
7/18/04,251
7/17/04,262
7/16/04,234
7/15/04,236
7/14/04,254
7/13/04,240
7/12/04,238
7/11/04,222
7/10/04,212
7/9/04,204
7/8/04,212
7/7/04,240
7/6/04,267
7/5/04,251
7/4/04,281
7/3/04,212
7/2/04,251
7/1/04,240
6/30/04,250
6/29/04,214
6/28/04,218
6/27/04,250
6/26/04,226
6/25/04,245
6/24/04,227
6/23/04,252
6/22/04,250
6/21/04,240
6/20/04,273
6/19/04,245
6/18/04,253
6/17/04,236
6/16/04,201
6/15/04,220
6/14/04,197
6/13/04,192
6/12/04,202
6/11/04,236
6/10/04,199
6/9/04,201
6/8/04,254
6/7/04,225
6/6/04,216
6/5/04,232
6/4/04,262
6/3/04,219
6/2/04,214
6/1/04,190
5/31/04,158
5/30/04,164
5/29/04,176
5/28/04,215
5/27/04,199
5/26/04,206
5/25/04,199
5/24/04,196
5/23/04,218
5/22/04,218
5/21/04,222
5/20/04,174
5/19/04,207
5/18/04,204
5/17/04,230
5/16/04,190
5/15/04,224
5/14/04,217
5/13/04,242
5/12/04,197
5/11/04,185
5/10/04,202
5/9/04,194
5/8/04,225
5/7/04,204
5/6/04,210
5/5/04,225
5/4/04,238
5/3/04,214
5/2/04,209
5/1/04,232
4/30/04,251
4/29/04,231
4/28/04,200
4/27/04,197
4/26/04,200
4/25/04,198
4/24/04,211
4/23/04,183
4/22/04,200
4/21/04,216
4/20/04,170
4/19/04,199
4/18/04,183
4/17/04,192
4/16/04,225
4/15/04,202
4/14/04,197
4/13/04,224
4/12/04,204
4/11/04,212
4/10/04,183
4/9/04,212
4/8/04,188
4/7/04,199
4/6/04,202
4/5/04,197
4/4/04,200
4/3/04,222
4/2/04,235
4/1/04,185
3/31/04,200
3/30/04,205
3/29/04,234
3/28/04,205
3/27/04,184
3/26/04,239
3/25/04,170
3/24/04,207
3/23/04,205
3/22/04,208
3/21/04,200
3/20/04,213
3/19/04,195
3/18/04,206
3/17/04,201
3/16/04,185
3/15/04,201
3/14/04,159
3/13/04,212
3/12/04,223
3/11/04,206
3/10/04,223
3/9/04,231
3/8/04,229
3/7/04,199
3/6/04,213
3/5/04,204
3/4/04,237
3/3/04,209
3/2/04,212
3/1/04,212
2/29/04,203
2/28/04,204
2/27/04,204
2/26/04,174
2/25/04,207
2/24/04,164
2/23/04,203
2/22/04,203
2/21/04,208
2/20/04,206
2/19/04,195
2/18/04,181
2/17/04,194
2/16/04,169
2/15/04,191
2/14/04,188
2/13/04,221
2/12/04,215
2/11/04,207
2/10/04,192
2/9/04,222
2/8/04,192
2/7/04,196
2/6/04,216
2/5/04,211
2/4/04,224
2/3/04,219
2/2/04,205
2/1/04,201
1/31/04,193
1/30/04,183
1/29/04,197
1/28/04,198
1/27/04,184
1/26/04,195
1/25/04,193
1/24/04,185
1/23/04,198
1/22/04,196
1/21/04,197
1/20/04,190
1/19/04,175
1/18/04,176
1/17/04,186
1/16/04,190
1/15/04,210
1/14/04,206
1/13/04,206
1/12/04,195
1/11/04,187
1/10/04,217
1/9/04,255
1/8/04,239
1/7/04,367
1/6/04,304
1/5/04,262
1/4/04,267
1/3/04,202
1/2/04,224
1/1/04,222
12/31/03,209
12/30/03,189
12/29/03,203
12/28/03,177
12/27/03,212
12/26/03,165
12/25/03,168
12/24/03,216
12/23/03,217
12/22/03,197
12/21/03,197
12/20/03,188
12/19/03,248
12/18/03,200
12/17/03,194
12/16/03,196
12/15/03,197
12/14/03,192
12/13/03,217
12/12/03,211
12/11/03,204
12/10/03,210
12/9/03,221
12/8/03,209
12/7/03,213
12/6/03,228
12/5/03,248
12/4/03,238
12/3/03,229
12/2/03,224
12/1/03,235
11/30/03,200
11/29/03,202
11/28/03,177
11/27/03,201
11/26/03,213
11/25/03,222
11/24/03,227
11/23/03,199
11/22/03,214
11/21/03,213
11/20/03,224
11/19/03,253
11/18/03,242
11/17/03,236
11/16/03,191
11/15/03,196
11/14/03,214
11/13/03,201
11/12/03,215
11/11/03,179
11/10/03,239
11/9/03,240
11/8/03,254
11/7/03,199