06-1499,1/1/1800,0,,
313531,1/1/1800,7,19.5,290
07-688,1/1/1800,0,,
,2/16/64,0,,
,8/8/64,0,,
64-0001,10/24/64,0,,
64-0002,11/1/64,0,,
64-0003,11/2/64,0,,
64-0004,11/7/64,0,,
64-0005,11/14/64,0,,
65-0013,4/24/65,0,,
65-0014,5/5/65,0,,
,5/23/65,0,,
,6/14/65,0,,
65-0028,7/11/65,0,,
,9/13/65,0,,
,8/4/66,0,,
66-0101,9/4/66,0,,
79-0166,7/11/79,0,,
80-0009,1/11/80,0,,
80-0073,4/14/80,0,,
80-0098,5/17/80,0,,
80-0103,5/23/80,0,,
80-0133,6/12/80,0,,
80-0143,6/17/80,0,,
80-0160,6/20/80,0,,
80-0149,6/21/80,0,,
80-0166,7/11/80,0,,
80-0190,7/18/80,0,,
80-0263,8/2/80,0,,
80-0231,8/10/80,0,,
80-0239,8/16/80,0,,
80-0248,8/21/80,0,,
08-0267,8/30/80,0,,
80-0288,9/13/80,0,,
80-0307,9/27/80,0,,
80-0235,9/27/80,0,,
80-0310,10/2/80,0,,
80-0312,10/6/80,0,,
80-0316,10/11/80,0,,
80-0319,10/14/80,0,,
80-0357,11/2/80,0,,
80-0402,11/25/80,0,,
80-0434,12/12/80,0,,
80-0454,12/26/80,0,,
81-0020,1/15/81,0,,
81-0026,1/27/81,0,,
81-0042,2/17/81,0,,
81-0083,4/20/81,0,,
81-0095,5/3/81,0,,
81-0105,5/22/81,0,,
81-0172,7/13/81,0,,
81-0181,7/20/81,0,,
81-0226,8/11/81,0,,
81-0252,8/29/81,0,,
,8/30/81,0,,
81-0256,9/1/81,0,,
81-0265,9/7/81,0,,
,10/11/81,0,,
81-0356,11/10/81,0,,
89-0138,2/21/89,0,,
89-0461,6/11/89,0,,
89-0526,6/26/89,0,,
89-0542,6/30/89,0,,
89-0570,7/9/89,0,,
89-0570,7/9/89,0,,
89-0582,7/10/89,0,,
89-ES-016,7/17/89,0,,
89-0602,7/20/89,0,,
89-0641,7/23/89,0,,
89-ES-018,7/26/89,0,,
89-0724,8/12/89,0,,
89-0728,8/15/89,0,,
89-0733,8/16/89,0,,
89-0755,8/21/89,0,,
89-ES-021,8/24/89,0,,
89-0817,9/4/89,0,,
,9/5/89,0,,
89-0845,9/11/89,0,,
89-0863,9/15/89,0,,
89-0867,9/16/89,0,,
89-0864,9/24/89,0,,
89-0893,9/25/89,0,,
98-0904,9/30/89,0,,
89-0927,10/9/89,0,,
89-1015,11/2/89,0,,
,11/5/89,0,,
89-1039,11/8/89,0,,
89-1090,11/18/89,0,,
89-1095,11/19/89,0,,
89-1192,11/23/89,0,,
89-1115,11/24/89,0,,
89-1120,11/25/89,0,,
89-1122,11/26/89,0,,
89-1142,12/2/89,0,,
89-1183,12/16/89,0,,
89-ES-037,12/23/89,0,,
89-ES-036,12/28/89,0,,
90-0041,1/11/90,0,,
90-0064,1/15/90,0,,
90-0106,1/30/90,0,,
90-ES-003,2/11/90,0,,
90-ES-004,2/25/90,0,,
90-0225,2/27/90,0,,
,3/5/90,0,,
90-0239,3/5/90,0,,
90-0401,4/14/90,0,,
90-0434,4/25/90,0,,
90-0155,5/19/90,0,,
90-0588,6/10/90,0,,
90-0599,6/12/90,0,,
90-0631,6/18/90,0,,
90-0683,6/30/90,0,,
90-0700,7/3/90,0,,
,7/5/90,0,,
90-0712,7/6/90,0,,
90-0740,7/14/90,0,,
90-0752,7/16/90,0,,
90-0771,7/21/90,0,,
90-0786,7/26/90,0,,
90-0799,7/27/90,0,,
90-0853,8/11/90,0,,
90-0860,8/12/90,0,,
90-0853,8/18/90,0,,
90-0880,8/19/90,0,,
90-0899,8/25/90,0,,
90-0904,8/26/90,0,,
90-0956,9/10/90,0,,
90-ES-025,9/21/90,0,,
90-ES-030,10/13/90,0,,
90-1115,10/21/90,0,,
90-1140,10/26/90,0,,
90-1145,10/28/90,0,,
90-1167,11/20/90,0,,
90-1263,11/24/90,0,,
90-1307,12/4/90,0,,
90-ES-038,12/15/90,0,,
90-1339,12/19/90,0,,
90-1378,12/28/90,0,,
90-0069,1/24/91,0,,
90-ES-010,3/2/91,0,,
91-ES-017,4/13/91,0,,
91-0276,4/14/91,0,,
90-0291,4/20/91,27,214.75,1245
96-0005,2/17/96,11,116,906
96-0007,2/24/96,16,128.5,880
96-0436,3/30/96,31,184.75,1370
96-0659,5/18/96,15,93,885
96-0668,5/19/96,53,333.5,1980
96-0715,5/25/96,24,76.25,1815
96-0713,5/25/96,10,10,130
96-0744,5/31/96,18,35.5,685
96-0868,6/16/96,28,131,1245
96-0876,6/17/96,24,112,1699
96-0033,6/23/96,26,125.5,625
96-0920,6/23/96,18,27.5,416
96-1032,7/8/96,30,136.5,890
96-1078,7/14/96,24,47.5,695
96-1075,7/14/96,26,145.5,1120
96-1070,7/14/96,24,53.25,595
96-1105,7/18/96,18,88,585
96-0999,7/19/96,4,31,100
96-1121,7/21/96,37,774,2760
96-1179,7/29/96,15,129,890
,7/30/96,23,217,715
96-1222,8/4/96,22,204,1005
96-EST-43,8/4/96,22,236.75,1615
96-1245,8/8/96,13,68.5,575
96-EST-43,8/10/96,16,110.5,1012
96-1266,8/11/96,14,50.5,810
96-1265,8/11/96,20,78.5,1155
,8/12/96,13,13,220
96-1284,8/14/96,5,4.5,50
96-1291,8/15/96,6,17.5,270
96-1285,8/15/96,5,34,480
96-1311,8/18/96,21,94,495
96-1309,8/18/96,14,15,1085
96-ES-051,8/24/96,8,61.75,500
09-1472,9/13/96,6,8,129
96-1492,9/17/96,20,345,1650
96-1814,11/3/96,12,36,779
96-0043,11/3/96,10,87.5,513
96-1885,11/17/96,19,193,940
96-1886,11/18/96,3,12,25
96-1903,11/20/96,16,149.25,821
96-2036,12/12/96,8,16,340
96-2090,12/23/96,16,214.5,1560
,1/1/97,17,89.5,970
,1/12/97,22,121,
,2/3/97,0,,
,2/3/97,0,,
,3/1/97,0,,
,3/3/97,0,,
,3/21/97,0,,
,4/4/97,22,61,1310
,4/18/97,0,,
,4/20/97,37,336,2720
,9/7/97,27,121,765
,9/20/97,24,166.5,2080
,11/7/97,20,243,1850
,11/16/97,22,333,1945
,12/28/97,34,73,1000
98-0015,1/5/98,13,44.5,2290
98-0042,1/10/98,21,24.5,475
98-0074,1/14/98,25,134.25,1240
98-0109,1/20/98,13,157,1180
98-0148,1/29/98,3,7.5,120
98-0193,2/9/98,8,128,1520
98-ES-008,2/11/98,38,417.25,1649
98-0411,3/15/98,16,74.5,1500
98-0416,3/16/98,22,61,780
98-0425,3/19/98,7,26.5,745
,3/29/98,14,14,350
98-0564,4/4/98,11,42.5,515
98-0643,4/19/98,28,38.5,610
,4/28/98,17,56,1050
98-0721,4/28/98,40,189.33,2103
98-0747,5/2/98,38,609.5,2480
98-0772,5/5/98,3,39.5,380
98-0787,5/7/98,14,38,460
98-0886,5/20/98,11,22,230
98-0968,5/30/98,28,254.5,2360
98-ES-026,5/30/98,28,202,925
98-0992,6/3/98,16,33,625
98-ES-028,6/27/98,10,71.25,275
98-1202,6/28/98,24,504,2165
98-1276,7/8/98,8,57,760
98-1272,7/8/98,14,95.25,1870
,7/25/98,14,69,1350
98-1432,7/26/98,20,267,2330
98-1425,7/26/98,9,117,600
98-1451,7/28/98,18,212,1010
98-1497,8/2/98,12,137,1010
98-1514,8/3/98,15,49,1320
98-1562,8/10/98,19,122.5,1529
98-1741,9/1/98,2,82,450
98-1750,9/2/98,15,89,1020
98-1793,9/6/98,18,20.5,310
98-1816,9/8/98,19,56,895
98-ES-028,9/12/98,20,184,1150
98-1908,9/22/98,18,74,1149
98-1939,9/28/98,0,,
98-ES-058,10/11/98,13,129,1810
98-2061,10/18/98,20,221.5,1793
98-2211,11/7/98,9,25.75,430
98-ES-062,12/6/98,11,92.5,1140
98-2555,12/22/98,44,425.5,1820
99-0077,1/13/99,4,1.33,12
99-0259,2/8/99,31,441.25,3395
99-0365,2/27/99,18,62.5,940
99-ES-010,2/27/99,22,97.5,940
99-0384,3/1/99,19,107,750
99-ES-012,3/11/99,21,137,368
,5/1/99,32,195.75,1590
99-0899,5/7/99,24,119,746
99-0907,5/9/99,13,62,545
99-1014,5/22/99,14,116.5,1080
99-1013,5/22/99,20,20,160
99-1025,5/24/99,7,23.5,415
99-1150,6/4/99,12,25.25,620
99-1165,6/5/99,25,274,1609
99-ES-101,6/5/99,12,58,830
99-1432,6/29/99,17,82.5,787
,7/5/99,18,208.5,1885
99-1593,7/17/99,8,52,440
99-1609,7/20/99,30,601,4290
99-ES-061,7/23/99,15,523.75,1624
99-1649,7/25/99,13,69.92,730
99-1686,7/29/99,11,84,1375
99-1707,7/31/99,12,24.5,420
,7/31/99,6,7.25,260
99-1911,8/22/99,12,73.5,563
99-1966,8/28/99,28,243.5,2402
99-1967,8/29/99,17,114,1680
99-2108,9/14/99,9,9,155
99-2192,9/25/99,10,80,860
99-2291,10/11/99,35,430.5,2048
99-2342,10/17/99,12,71,660
99-2373,10/22/99,10,15,203
99-2400,10/27/99,8,23.5,420
99-2399,10/27/99,4,32,500
99-1959,11/4/99,11,67,675
99-2497,11/6/99,11,22,510
99-2513,11/8/99,7,29.5,240
99-2537,11/10/99,30,231.5,1193
99-2565,11/13/99,6,13,170
,11/14/99,4,40,200
99-2719,12/5/99,16,80.5,1300
99-2843,12/22/99,4,14,160
99-2833,12/22/99,12,101.5,1150
,1/2/00,11,73.5,400
00-ES-002,1/17/00,13,74.25,730
00-0215,2/4/00,20,99.75,945
00-0392,2/28/00,6,33.5,430
00-0611,3/28/00,14,65.5,1030
00-0793,4/14/00,25,82.5,925
00-0803,4/15/00,13,84,790
00-0839,4/20/00,6,7,120
00-1049,5/13/00,4,25.5,510
00-1301,5/13/00,19,97.25,1175
00-1257,6/4/00,35,358.5,2600
00-1312,6/8/00,23,259.5,1780
00-1299,6/8/00,8,133,980
00-1364,6/13/00,21,54.75,1080
00-1374,6/14/00,5,38,440
00-1409,6/17/00,15,29,350
00-1407,6/17/00,15,30,410
00-1406,6/17/00,14,13,190
00-1416,6/17/00,5,5,45
00-1420,6/18/00,8,60,680
00-1464,6/23/00,15,73.5,880
00-1503,6/26/00,14,71,1760
00-1510,6/26/00,13,42.5,1120
00-1590,7/1/00,12,18,50
,7/2/00,13,13,180
00-1618,7/4/00,13,86.5,580
00-1662,7/8/00,10,49,760
00-1685,7/12/00,11,190.5,1340
00-1713,7/13/00,14,97,1000
00-1719,7/14/00,9,31.5,640
00-1739,7/15/00,16,103,2060
00-1735,7/15/00,7,10.5,320
00-1747,7/16/00,13,71,805
00-2001,8/9/00,8,99,770
00-2039,8/13/00,12,183,1420
00-2089,8/17/00,11,158.5,1240
00-2090,8/18/00,18,139.5,1800
,8/20/00,11,76.5,671
00-2139,8/21/00,13,55.5,950
00-2181,8/26/00,10,52,1020
00-2267,9/2/00,11,51.5,505
00-2263,9/2/00,14,51,850
00-2392,9/17/00,15,112.5,1135
00-2439,9/23/00,15,234.5,1375
00-2458,9/25/00,13,62.5,870
00-2542,10/3/00,11,66,1040
00-ES-026,10/15/00,12,67.5,585
00-2724,10/24/00,8,104,830
00-2967,11/23/00,18,174,1170
00-3102,12/14/00,11,38.5,630
00-3190,12/23/00,15,121.5,1050
00-3227,12/29/00,14,83,1950
01-0312,2/11/01,0,,
01-0388,2/20/01,11,40.75,690
01-0397,2/22/01,15,55.5,1060
01-0481,3/4/01,17,77.5,1180
,3/8/01,6,34.5,270
,3/12/01,17,117.5,995
01-ES-018,3/24/01,11,72.75,640
01-0657,3/26/01,15,21,395
01-0719,4/4/01,5,7.5,140
01-0814,4/14/01,22,81.5,1390
01-ES-013,5/5/01,11,70.5,480
88756,5/22/01,12,221.5,1430
01-1267,5/24/01,9,9,105
01-1304,5/27/01,6,65,645
01-ES-013,6/2/01,5,45.5,250
36526,6/9/01,0,,
01-1540,6/20/01,12,97.5,496
01-1558,6/23/01,7,34.5,1220
01-1734,7/9/01,5,32.5,360
1,7/25/01,0,,
16438,7/29/01,7,48.5,780
19360,7/30/01,9,82,890
56615,8/8/01,10,70,3255
65016,8/10/01,9,27,415
100079,8/19/01,11,37,880
116879,8/25/01,4,7,75
123089,8/26/01,7,32,260
154864,9/3/01,14,35.5,750
158882,9/5/01,10,34,762
160708,9/6/01,12,48.25,555
166552,9/8/01,33,236.5,2230
165822,9/8/01,29,111,
169109,9/9/01,8,40.5,500
180797,9/12/01,18,86,760
01-ES-051,9/22/01,7,41.5,350
238871,9/29/01,10,30,430
250102,10/3/01,5,13.5,276
,10/6/01,4,30,240
292196,10/13/01,18,184,1070
291101,10/13/01,11,74.5,295
291101,10/17/01,9,48.92,430
323972,10/21/01,7,60.5,
397752,11/10/01,16,145.5,1102
415648,11/17/01,8,67,460
443771,11/23/01,39,658.25,2690
453998,11/27/01,16,82.25,950
553709,12/2/01,14,93,990
553709,12/3/01,7,53.25,430
475183,12/4/01,6,7,85
01-ES-060,12/8/01,13,90.25,685
485044,12/9/01,0,,
519377,12/21/01,5,12.5,240
532161,12/26/01,9,9,100
534717,12/27/01,7,38.75,315
02-0007,1/1/02,2,5.5,0
02-0026,1/3/02,1,3,
02-0049,1/5/02,0,,
02-0050,1/6/02,19,161.25,
02-0101,1/12/02,3,15,
02-0112,1/13/02,18,69.5,1105
02-0133,1/17/02,24,135.75,1095
02-0168,1/20/02,42,137.25,0
02-ES-060,1/23/02,52,462.5,206
02-0257,2/3/02,0,,
02-0270,2/5/02,5,10.5,
02-0290,2/9/02,0,,
02-0325,2/13/02,5,19.5,
02-0333,2/14/02,18,19,0
02-0352,2/16/02,28,69.08,100
02-0375,2/19/02,23,105.5,
02-0415,2/22/02,0,,
02-0444,3/1/02,20,107.5,
02-0460,3/2/02,26,110,
02-0517,3/10/02,12,26,
02-ES-008,3/10/02,25,175,0
02-0575,3/17/02,34,141.75,150
02-0581,3/18/02,3,9,
02-0606,3/21/02,25,185,1459
02-0624,3/23/02,16,55.5,905
02-0605-03-24,3/24/02,36,323.25,
02-0634,3/25/02,7,28,435
02-0643,3/26/02,3,11,160
02-0674,3/30/02,17,116.25,1625
02-0799,4/14/02,0,,
02-,4/18/02,0,,
02-0836,4/18/02,23,71.5,0
02-0923,4/28/02,32,180.25,0
02-0921,4/28/02,62,401.5,50
02-0935,4/29/02,31,286.25,0
02-0935-05-03,5/3/02,11,20.5,0
02-0983,5/5/02,2,11,
02-0995,5/7/02,1,3.5,
02-1067,5/14/02,2,3.5,
02-1097,5/17/02,3,15.5,
02-1153,5/21/02,38,330,120
02-1168,5/24/02,17,133.5,
02-1204,5/26/02,22,160.75,0
02-216060,5/26/02,0,,
02-1216,5/27/02,17,51.5,0
02-1225,5/28/02,0,,
01-1275,6/1/02,0,,
02-1308,6/5/02,0,,
02-ES-021,6/6/02,9,40.5,
02-R1,6/13/02,0,,
02-1421,6/18/02,2,3.53,
02-1431,6/19/02,20,14.5,0
02-1433,6/19/02,13,45.5,0
02-1477,6/22/02,30,370.5,0
02-1474,6/22/02,0,,
02-ES-030,6/25/02,2,7,
02-1541,6/27/02,10,24.5,
02-1531,6/27/02,0,,
02-1581,6/30/02,4,12.5,
02-1579,6/30/02,26,228,0
1619153,7/6/02,23,93.25,
02-1663,7/8/02,0,,
820368,7/9/02,7,140,
02-1765,7/15/02,26,158,
02-1821,7/20/02,22,129,
02-sno,7/28/02,0,,
11355,7/29/02,0,,
31809,8/6/02,20,75.5,810
38749,8/7/02,10,29,
36557,8/7/02,15,69.5,
43862,8/8/02,17,32.5,685
55550,8/11/02,0,,
61760,8/12/02,0,,
58838,8/12/02,24,49.75,0
57377,8/12/02,25,95,1242
65412,8/13/02,1,4.5,0
69795,8/15/02,1,5.25,
84404,8/17/02,6,3,0
84039,8/17/02,0,,
87691,8/18/02,41,370.75,3650
93901,8/19/02,1,1,
114354,8/24/02,18,23,0
138460,8/31/02,2,1,0
43498,9/1/02,0,,
146860,9/2/02,8,13,190
43497,9/4/02,0,,
159644,9/6/02,1,4.5,0
160009,9/7/02,25,104.75,650
192151,9/14/02,35,229.75,3232
181193,9/15/02,2,116,803
217353,9/21/02,6,17.5,212
216257,9/21/02,0,,
220274,9/23/02,0,,
02-297304,9/26/02,0,,
238171,9/28/02,0,,
238537,9/28/02,0,,
239267,9/28/02,23,122,980
242554,9/29/02,0,,
242189,9/29/02,28,134,1970
241093,9/29/02,27,161.75,1900
219909,9/29/02,26,172.75,1860
261181,10/5/02,13,50.5,869
02-ES-052,10/5/02,0,,
02-0605-10-19,10/19/02,0,,
02-R-5503,10/21/02,0,,
309393,10/22/02,26,118.75,1647
320351,10/25/02,35,348.25,4080
02-ES-052-10-26,10/26/02,9,63,603
320716,10/28/02,4,60.5,1051
332404,10/29/02,0,,
341535,11/1/02,36,131,1276
340439,11/1/02,12,37.5,460
345188,11/2/02,3,9,160
02-0605-11-02,11/2/02,10,64,625
353954,11/3/02,0,,
351032,11/3/02,10,52,995
348475,11/3/02,2,7,180
02-345910,11/12/02,0,,
02-352404,11/18/02,0,,
418601,11/20/02,3,3.5,20
417870,11/20/02,3,3,87
423714,11/21/02,24,119.5,1010
418236,11/21/02,3,26.5,190
425541,11/22/02,14,61.08,807
427002,11/23/02,3,9.5,240
02-0605-11-23,11/23/02,28,256,1380
434307,11/25/02,3,15,300
454394,12/2/02,29,157.08,1335
02-ES-061,12/4/02,2,9,70
02-0605-12-07,12/7/02,8,43.5,450
473387,12/9/02,6,55,295
02-373673,12/9/02,0,,
508451,12/20/02,28,192.5,1365
531826,12/29/02,40,159.25,2174
03-0019,1/3/03,0,,
03-0065,1/10/03,61,709.75,4434
03-0065-01-11,1/11/03,6,6,70
03-0089,1/14/03,0,,
03-0107,1/16/03,6,24.5,184
03-0107-01-18,1/18/03,23,160,1015
03-0132,1/19/03,6,89,510
03-0188,1/25/03,5,64.5,540
03-0198,1/26/03,0,,
03-ES-007,2/5/03,1,2.5,30
03-02-605-02-07,2/7/03,1,4,75
03-02-605-2-10,2/10/03,2,8.5,130
03-0346,2/17/03,20,80.5,1816
03-0378,2/21/03,2,2.5,30
03-ES-006-02-21,2/21/03,8,240,2025
03-0376,2/21/03,17,16.25,275
03-ES-007-02-22,2/22/03,8,238,1995
03-0403,2/27/03,3,10.5,0
03-0419,3/1/03,0,,
03-ES-006,3/2/03,3,39.5,160
03-0467,3/9/03,38,173.75,1485
03-ES-007-03-15,3/15/03,2,114,150
03-0540,3/18/03,29,122.5,1355
03-Texas,3/20/03,1,371.5,0
03-0609,3/29/03,56,283.92,3085
03-R-1,3/30/03,0,,
03-0628,3/31/03,60,390.25,2765
03-0659,4/4/03,14,7.5,95
03-0717,4/13/03,20,62,1379
03-0724,4/15/03,3,4,70
03-R-5143,4/26/03,0,,
03-R-5150,4/27/03,0,,
03-0819,4/27/03,38,247,3465
03-0979,5/17/03,1,2,10
03-0969,5/17/03,61,837.75,5415
03-1000,5/20/03,4,66,695
03-1077,5/26/03,0,,
03-1074,5/26/03,15,113.5,1565
02-1085,5/27/03,7,14.5,357
1202074,5/27/03,0,,
03-Center 1,5/30/03,0,,
03-center 2,5/31/03,0,,
03-1185,6/4/03,0,,
03-1191,6/5/03,9,18.5,257
03-171630,6/5/03,0,,
03-1206,6/6/03,0,,
03-1151,6/6/03,0,,
03-1222,6/7/03,6,6,0
03-1219,6/7/03,6,6,45
03-1215,6/7/03,0,,
03-1297,6/13/03,28,43.5,1022
03-goldbar,6/18/03,3,15,389
03-ES-025,6/20/03,17,119.5,696
03-191066,6/21/03,0,,
03-191982,6/22/03,0,,
03-196649,6/26/03,0,,
03-02-ES-052-6,6/28/03,38,329.7,1586
03-1438,6/28/03,3,36,856
03-1471,6/29/03,11,10.75,215
03-1484,6/30/03,20,79.25,1295
03-,7/1/03,12,32.5,482
03-1528,7/3/03,0,,
03-1530,7/3/03,0,,
2252,7/4/03,2,3.75,80
03-R1-5259,7/5/03,0,,
03-1551,7/5/03,0,,
03-1602,7/8/03,37,44.5,903
03-1585,7/8/03,8,37.5,320
03-1642,7/12/03,0,,
03-1643,7/12/03,34,189,1860
03-ES-029,7/12/03,28,189.25,1299
03-R1-5277,7/13/03,0,,
03-1644,7/13/03,0,,
03-1693,7/18/03,0,,
03-1708,7/19/03,17,23.5,360
03-1728,7/21/03,3,10.5,250
03-1751,7/23/03,13,140,1610
03-1784,7/25/03,10,13.5,211
03-1797,7/26/03,8,6,90
03-1796,7/26/03,24,142.5,2270
03-ES-033,7/26/03,33,296.97,1648
03-1801,7/27/03,15,23.75,320
03-1812,7/28/03,25,135.25,1565
04-ES-033-08-01,8/1/03,1,1.5,20
03-ES-036,8/5/03,31,258.25,1355
19784,8/8/03,18,46,600
03-federal,8/8/03,0,,
03-ES-037,8/11/03,7,123.5,1840
03-251921,8/11/03,0,,
34029,8/12/03,17,122.75,1905
03-ES-038,8/12/03,21,156,250
38412,8/13/03,1,1,50
43160,8/14/03,18,35.5,778
03-ES-038-MP35,8/16/03,23,161,1647
56309,8/17/03,17,26.75,315
55579,8/17/03,35,321.92,2600
03-ES-042,8/18/03,10,65.5,400
03-ES-044-2,8/20/03,0,,
03-ES-044-3,8/20/03,3,41.5,715
03-ES-044-1,8/20/03,4,58,625
71650,8/21/03,39,310.5,2689
03-ES-045,8/21/03,0,,
03-02-ES-052-22,8/22/03,5,24,225
85163,8/24/03,11,19,440
88815,8/25/03,0,,
03-ES-046,8/25/03,3,14,150
103060,8/29/03,9,21.5,380
99042,8/29/03,0,,
03-ES-045-08-30,8/30/03,32,266.75,1546
116573,8/31/03,0,,
03-275348,8/31/03,0,,
120591,9/1/03,0,,
03-ES-048,9/3/03,5,20.5,125
03-ES*037-09-3,9/3/03,5,37.5,570
03-ES-037-09-03,9/3/03,5,,0
03-ES-049-09-6-A,9/6/03,6,19,0
03-ES-049,9/6/03,25,176.75,1840
03-ES-049-09-6,9/6/03,6,38.5,0
03-ES-050,9/12/03,14,113.5,712
166612,9/13/03,2,2.5,0
172456,9/14/03,10,25,260
169899,9/14/03,8,73,860
188892,9/21/03,22,41.25,860
187796,9/21/03,17,79.5,1045
03-shootin,9/24/03,0,,
198754,9/24/03,0,,
03-ES-051,9/27/03,2,24.5,175
215190,9/30/03,3,11,190
214094,9/30/03,2,10.5,60
213364,9/30/03,10,40,504
219937,10/1/03,32,179.75,1820
03-ES-055,10/6/03,3,14.75,270
240026,10/7/03,3,5.5,110
03-R-036,10/12/03,0,,
262670,10/14/03,5,18.5,606
265958,10/16/03,0,,
03-ES-058,10/16/03,14,115.75,1207
264131,10/17/03,4,35,1075
280568,10/19/03,35,135.12,2198
278741,10/19/03,6,18,335
278376,10/20/03,0,,
294446,10/22/03,9,16.5,315
292255,10/22/03,6,4.5,65
306134,10/26/03,6,31,350
303577,10/26/03,4,17,190
319648,10/30/03,4,11,180
298099,11/1/03,37,277.25,4645
336815,11/5/03,22,221.5,1935
357269,11/13/03,4,17,185
356904,11/13/03,6,19,375
363113,11/15/03,19,27.75,527
387949,11/22/03,21,71.75,790
03-Mason Co,11/23/03,2,3.25,32
03-R-039,11/24/03,0,,
03-R-040,12/1/03,0,,
414611,12/2/03,28,200.25,1802
450405,12/4/03,17,45.5,740
414246,12/4/03,0,,
431413,12/8/03,6,39,280
439082,12/10/03,2,3,60
446752,12/13/03,56,608.25,3800
449674,12/14/03,11,19.75,610
449309,12/14/03,30,174.75,2107
03-ES-064,12/21/03,10,55.25,575
336085,12/22/03,5,48,370
473050,12/23/03,13,44.5,380
04-0002,1/1/04,88,1434.5,10984
04-0048,1/8/04,0,,
04-0037,1/10/04,2,7,210
04-0002,1/11/04,18,70,673
04-0143,1/17/04,0,,
04-0142,1/17/04,11,38.5,275
04-0135,1/17/04,20,47.5,1012
04-0161,1/20/04,0,,
04-0197,1/25/04,17,34,725
04-0200,1/26/04,8,47,560
04-ES-001,1/31/04,20,119.5,1107
04-0239,2/1/04,40,105.33,1219
03-0312,2/13/04,3,14.5,80
04-0337,2/15/04,27,139,1167
04-0336,2/15/04,13,26,360
04-0364,2/19/04,5,19.25,355
04-ES-002,2/21/04,19,153.5,973
04-0384,2/23/04,12,110,1273
04-40197,3/2/04,0,,
04-ES-004,3/5/04,6,36.5,190
03-ES-005,3/7/04,3,10.5,155
04-0524,3/14/04,28,128,1540
04-ES-010,3/23/04,22,155,992
04-638,3/27/04,0,,
04-0632,3/27/04,12,204,1015
04-0645,3/28/04,31,148.08,1790
04-ES-011,4/3/04,5,39.5,340
04-0718,4/8/04,2,8,120
04-0751,4/10/04,30,36.75,717
04-0754,4/10/04,43,100.33,1552
04-ES-021,4/12/04,4,13,180
04-0807,4/16/04,40,295,2009
04-0813,4/17/04,10,59,610
04-120437,4/26/04,0,,
04-0912,4/28/04,11,71,755
04-0969,5/2/04,3,12,180
04-0962,5/2/04,24,80,1565
04-0929,5/6/04,6,103,1090
04-1042,5/10/04,6,14.5,250
04-1050,5/11/04,0,,
04-5205R,5/14/04,0,,
04-1098,5/15/04,5,5,0
04-5213R,5/23/04,0,,
04-1211,5/24/04,10,9,111
04-1222,5/27/04,3,9.5,221
04-1280,6/4/04,0,,
04-ES-025,6/4/04,2,8,35
04-170455,6/5/04,0,,
04-ES-026,6/5/04,13,66.5,449
04-173010,6/8/04,2,1,0
04-ES-030,6/9/04,3,47.67,995
04-1343,6/10/04,4,15,295
04-ES-031,6/12/04,20,96,733
04-R1-012,6/23/04,0,,
04-1464,6/25/04,4,3,30
04-1550,7/2/04,33,41.25,1013
04-1587,7/5/04,32,87.5,1190
04-R-5295,7/9/04,0,,
04-1648,7/11/04,33,137.75,2225
04-1671,7/13/04,94,2238.67,12485
04-1699,7/15/04,0,,
04-1714,7/17/04,10,14,286
04-1709,7/17/04,14,63.5,858
04-1742,7/18/04,38,305.5,3145
04-1733,7/18/04,7,9.33,115
04-ES-038,7/18/04,4,104,1060
04-1752,7/19/04,1,3,50
04-1865,7/27/04,4,14,360
1553,7/30/04,54,694.05,4655
3744,7/31/04,4,7.67,100
3379,7/31/04,22,90,1140
19815,8/2/04,0,,
11414,8/2/04,18,56.33,1311
58897,8/10/04,0,,
57801,8/10/04,17,64,478
75332,8/14/04,0,,
95786,8/19/04,12,34.25,601
105648,8/21/04,52,174.25,3024
104917,8/21/04,19,47.25,642
04-2180-08-21,8/21/04,3,28.5,250
111856,8/22/04,32,88.17,2273
113317,8/23/04,7,134,780
123179,8/26/04,0,,
102361,8/27/04,11,134.5,925
04-ES-0054,8/27/04,25,197.17,1469
151667,9/2/04,12,153.5,840
149476,9/2/04,18,85.33,1280
04-ES-057,9/2/04,7,58.5,660
159703,9/4/04,20,56.5,950
163355,9/5/04,5,4.17,10
102361,9/8/04,4,36,260
176139,9/8/04,0,,
186366,9/12/04,3,9,385
206820,9/17/04,7,18.5,540
202437,9/17/04,5,224,0
223255,9/23/04,7,32,460
224716,9/24/04,0,,
230195,9/26/04,18,99,1195
241518,10/2/04,3,11.18,60
241153,10/2/04,0,,
259049,10/8/04,30,137.25,1271
266719,10/10/04,19,88,760
270372,10/11/04,0,,
300321,10/19/04,1,2.25,50
348534,10/30/04,6,36.5,575
377388,11/10/04,5,32.1,435
383232,11/12/04,0,,
04-burien-01,11/18/04,0,,
447149,11/20/04,13,13,180
04-R15524,11/20/04,0,,
411355,11/21/04,18,109.5,885
418295,11/23/04,10,5.5,15
425600,11/25/04,1,3.5,60
437653,11/29/04,1,4.5,110
04-ES-065,12/4/04,16,166.5,1764
460298,12/6/04,42,186.67,2255
04-ES-067,12/8/04,13,70.5,562
478195,12/11/04,0,,
04-ES-066,12/12/04,2,39,395
482943,12/13/04,0,,
489152,12/14/04,1,2,60
487326,12/14/04,2,8.25,60
05-04-ES-066,1/1/05,10,150,920
05-0043,1/6/05,3,15,500
05-0055,1/7/05,44,146.1,2042
05-0111,1/14/05,9,55,460
05-0131,1/15/05,10,11,240
05-0145,1/17/05,17,41.42,905
05-0202,1/23/05,26,118.25,2855
03-0338,2/7/05,7,77,1040
05-ES-004,2/8/05,5,29.5,391
05-0355,2/10/05,29,221.08,3380
05-0361,2/11/05,18,78.5,1570
05-0379,2/12/05,6,9,105
05-ES-007,2/13/05,5,13,140
05-0410,2/17/05,10,5.25,50
34090,2/17/05,0,,
05-0433,2/19/05,4,24,810
05-0489,2/25/05,43,398.92,3323
05-0545,3/3/05,6,37,790
05-0554,3/4/05,41,374.58,3215
05-0550,3/4/05,0,,
05-0567,3/5/05,0,,
05-0591,3/8/05,33,38.25,581
05-0584,3/8/05,0,,
05-0602,3/10/05,0,,
05-0640,3/12/05,9,22,555
05-0656,3/13/05,6,5.25,46
05-0652,3/13/05,20,30.13,740
05-0691,3/17/05,0,,
05-ES-015,3/19/05,1,5,35
05-ES-014,3/19/05,7,53,700
05-0768,3/27/05,3,7.25,160
05-es-016,4/1/05,4,39,497
05-0881,4/9/05,20,124,1222
05-0875,4/9/05,22,170.42,1838
05-0883,4/9/05,0,,
05-ES-018,4/13/05,2,9,60
05-0913,4/14/05,25,141.75,1032
05-ES-022,4/21/05,10,157.25,2353
05-0996,4/22/05,0,,
05-1021,4/25/05,0,,
05-1060,4/27/05,6,39.5,830
05-1103,5/1/05,40,188.28,2130
05-1096,5/1/05,44,162.5,1894
05-1106,5/2/05,5,15,185
05-0112,5/3/05,10,73.5,358
05-1150,5/7/05,3,6.75,200
05-1137,5/7/05,10,75,415
05-1161,5/8/05,9,22.5,400
05-1162,5/9/05,67,962.58,5102
05-1203,5/12/05,41,170.83,2210
05-1223,5/14/05,19,148.25,1845
05-R5191,5/14/05,0,,
05-1196,5/14/05,10,135.5,1925
05-1273,5/19/05,17,66.25,1031
05-1304,5/23/05,0,,
05-1323,5/25/05,34,149.58,2185
05-1354,5/28/05,0,,
05-1351,5/28/05,18,68.17,1105
05-1363,5/29/05,12,67,645
05-1379,5/30/05,0,,
05-1423,6/4/05,10,73.25,1230
05-1426,6/4/05,6,44.5,830
05-R-5235,6/6/05,0,,
05-1496,6/11/05,4,13.5,170
05-1508,6/12/05,8,8,46
05-ES-029,6/17/05,16,257.75,2165
05-1595,6/23/05,5,67.25,390
51646,6/26/05,0,,
05-1646,6/26/05,0,,
05-1645,6/27/05,3,128.5,20
05-1658,6/28/05,7,39,1280
05-ES-032,6/28/05,3,16.5,100
05-esES-035,7/1/05,1,3,0
05-188474,7/2/05,0,,
05-ES-035,7/2/05,10,186,1920
05-1727,7/6/05,22,294,2425
05-1733,7/10/05,7,59.5,690
05-R-0011,7/12/05,0,,
05-1794,7/12/05,10,16.75,230
05-1837,7/16/05,15,73.75,830
05-1854,7/17/05,0,,
05-1870,7/19/05,0,,
852,7/21/05,36,192,2820
05-ES-037,7/23/05,10,109,1090
14001,7/24/05,47,326.92,4127
19480,7/25/05,28,236.75,2886
32994,7/28/05,29,125.5,2157
45413,7/30/05,36,186.5,1505
43221,7/30/05,26,100.67,1660
49796,7/31/05,2,5.5,4
72076,8/6/05,33,207.5,2563
70615,8/6/05,7,19,610
86320,8/10/05,2,1,10
92164,8/11/05,4,16.18,90
106774,8/14/05,7,13.5,220
117730,8/15/05,7,32.75,270
05-R0014,8/16/05,0,,
05-R0015,8/17/05,0,,
132705,8/19/05,0,,
133071,8/19/05,0,,
129783,8/19/05,0,,
05-ES-043,8/20/05,34,316.25,2580
05-ES-045,8/20/05,1,5.5,30
147314,8/24/05,0,,
166673,8/28/05,35,129.75,2103
165942,8/28/05,3,5.5,60
182378,9/1/05,18,43.33,535
05-ES-047,9/2/05,4,8.5,110
191875,9/4/05,16,21.62,405
205389,9/9/05,0,,
05-ES-050,9/10/05,8,78.5,725
217077,9/11/05,33,69.83,1237
220729,9/12/05,18,26.73,469
217442,9/12/05,3,31.5,42
240817,9/18/05,25,70,1055
238991,9/18/05,3,7.75,260
05-ES-054,9/25/05,11,72.5,550
276976,9/30/05,0,,
05-ES-054,10/1/05,29,263.92,2001
287568,10/3/05,10,41.75,715
295968,10/5/05,0,,
05-0763,10/5/05,0,,
313865,10/11/05,0,,
331397,10/15/05,14,19,375
337607,10/17/05,4,7,175
460693,11/13/05,17,29.5,445
467998,11/16/05,10,43,410
05-ES-061,11/23/05,4,17.75,126
520958,12/6/05,8,69.5,650
540316,12/7/05,0,,
565518,12/8/05,3,,180
520958,12/9/05,1,6,0
06-ES-001,1/4/06,4,9.5,145
06-0072,1/8/06,13,38.17,557
06-0109,1/11/06,2,9,56
06-ES-003,1/11/06,1,4,100
06-0120,1/13/06,2,10,100
06-0185,1/20/06,0,,
06-0200,1/22/06,4,22,195
06-0199,1/22/06,0,,
06-0296,1/29/06,4,9.5,70
06-0323,2/4/06,60,148.25,1826
06-0388,2/9/06,3,11,220
06-0398,2/10/06,4,34,260
05-ES-061,2/11/06,13,86,610
06-0416,2/12/06,7,23.5,352
06-0478,2/18/06,6,19.5,275
06-0477,2/18/06,8,13,270
06-0461,2/18/06,4,25,165
06-0486,2/19/06,7,20,490
06-0485,2/19/06,0,,
06-0481,2/19/06,23,55.25,1020
06-0500,2/20/06,17,59,795
06-0503,2/21/06,4,28.5,430
06-0550,2/26/06,30,134.52,1445
06-0610,3/4/06,0,,
06-0655,3/8/06,0,,
06-0666,3/10/06,17,153.33,755
06-ES-008,3/11/06,1,4.33,40
07-0767,3/17/06,0,,
06-0733,3/19/06,17,161.5,960
06-0737,3/20/06,16,134,1830
06-0736,3/20/06,5,22.5,240
06-0765,3/24/06,34,102.42,1184
06-0827,3/30/06,24,160,760
06-ES-12,4/1/06,0,,
06-0862,4/3/06,0,,
06-0912,4/10/06,0,,
06-0959,4/15/06,21,57.25,810
06-0961,4/15/06,28,269,1257
06-0995,4/19/06,5,2.17,45
06-1078,4/28/06,1,2,0
06-1106,4/30/06,27,43.75,654
06-1123,5/2/06,5,15,80
06-1140,5/3/06,0,,
199150,5/4/06,3,25.5,460
06-1183,5/7/06,0,,
06-1184,5/8/06,0,,
06-1232,5/12/06,28,322,1804
06-1249,5/13/06,2,1,7
06-1355,5/20/06,11,14,440
06-1393,5/23/06,2,4.5,140
06-1413,5/24/06,14,49.5,780
06-1422,5/25/06,0,,
06-1442,5/27/06,25,119,1342
06-1467,5/29/06,5,17.5,198
06-1456,5/29/06,0,,
06-1452,5/29/06,0,,
06-1443,5/31/06,17,173.75,1500
06-1475,6/2/06,0,,
06-1540,6/5/06,4,3.5,70
06-1558,6/7/06,28,133.08,2016
06-1591,6/9/06,74,434.25,2859
06-1580,6/9/06,2,7,70
06-1636,6/14/06,27,74.17,1021
06-1678,6/18/06,19,98.25,1250
06-1671,6/18/06,5,70.83,440
06-1693,6/20/06,33,298.67,2675
PLS,6/23/06,1,1,0
06-1729,6/24/06,2,5,140
06-1736,6/25/06,0,,
06-1759,6/26/06,0,,
06-1825,6/30/06,18,30.8,763
06-1837,7/1/06,15,47.75,780
06-1851,7/2/06,0,,
06-1869,7/3/06,25,81.58,1052
24259,7/9/06,18,13.5,182
22433,7/9/06,11,13.92,225
30834,7/12/06,12,75.25,1360
50922,7/15/06,5,5,60
6,7/15/06,9,134.25,1630
130575,7/18/06,0,,
06-ES-025,7/21/06,4,108.5,1115
98769,7/24/06,8,45,404
06-,7/24/06,6,21.5,200
06-ES-027,7/25/06,9,5,160
121414,7/29/06,5,4.75,80
06-ES-028,7/29/06,44,321,1468
62258,8/1/06,5,10.75,315
144059,8/5/06,26,112,790
184236,8/12/06,20,108.5,1258
196289,8/15/06,30,149.68,2052
06-ES-012,8/18/06,2,12,190
221490,8/22/06,10,14.17,304
347499,9/19/06,31,390.92,3235
357361,9/21/06,10,65,730
359918,9/22/06,1,2.5,50
372335,9/26/06,33,138,1106
376718,9/27/06,23,149,920
384754,9/29/06,13,60,1000
392059,9/30/06,18,81.5,1265
398999,10/3/06,3,7.5,150
0,10/5/06,1,4.42,0
418721,10/8/06,9,52,650
429313,10/11/06,22,96.58,812
438809,10/13/06,8,6.5,115
443192,10/14/06,7,84.45,1105
453784,10/16/06,18,18.5,331
63175,10/19/06,10,96.5,1005
63148,10/21/06,10,118.33,2570
488118,10/23/06,43,176.92,2891
503823,10/28/06,23,122.58,1034
497979,10/28/06,8,126.5,1320
06-es-037,10/30/06,2,7.25,55
535599,11/3/06,14,51,470
525372,11/7/06,0,,
587828,11/12/06,29,229.5,1890
06-ES-038,11/18/06,5,63,674
623257,11/19/06,94,1457.42,9468
627640,11/20/06,12,21.5,220
653208,11/28/06,10,174.25,410
668547,12/2/06,31,176.5,1387
06-ES-040,12/2/06,46,270.92,1475
679139,12/5/06,12,85.5,700
06-ES-0043,12/10/06,2,7.5,90
694844,12/12/06,16,97.92,780
716394,12/15/06,10,21.5,280
734655,12/17/06,18,46.17,660
687905,12/18/06,15,55.17,410
739769,12/18/06,18,234.5,940
752918,12/21/06,90,930.5,7607
06-ES-045,12/23/06,14,153.75,1356
771180,12/26/06,14,40,805
07-0055,1/6/07,25,130.33,1644
07-0135,1/14/07,10,10.5,205
07-0196,1/19/07,15,90.25,934
06-ES-044,1/22/07,2,24,395
07-242,1/24/07,6,13,90
07-0277,1/28/07,29,223.5,1752
07-0367,2/5/07,0,,
07-ES-003,2/17/07,22,186.43,879
07-0497,2/18/07,0,,
07-0535,2/23/07,0,,
07-0565,2/25/07,0,,
07-0624,3/3/07,8,40,0
07-0769,3/17/07,5,15,130
07-0780,3/18/07,0,,
07-0802,3/20/07,7,8.5,149
07-0948,4/3/07,6,8,234
07-1027,4/11/07,3,2,36
07-1122,4/21/07,23,98.08,935
07-1154,4/24/07,26,118,1371
07-1243,5/2/07,10,10.25,305
07-ES-013,5/2/07,2,7,80
07-1267,5/5/07,19,56.75,1287
06-1779,5/5/07,16,201.2,2830
07-1286,5/7/07,1,4,10
07-1200,5/7/07,0,,
07-1323,5/9/07,48,357.17,1960
07-1332,5/10/07,19,58.5,1300
07-1362,5/12/07,23,126.5,760
07-ES-010,5/12/07,20,182.75,824
07-1387,5/13/07,33,143.67,1445
07-1393,5/14/07,5,27.5,185
07-1428,5/17/07,3,8.5,100
07-1441,5/19/07,84,1148,4981
07-1462,5/20/07,5,9,120
07-1525,5/25/07,0,,
07-1568,5/28/07,0,,
07-1578,5/30/07,3,7,180
07-1606,6/4/07,23,43.5,753
07-1742,6/11/07,0,,
07-1752,6/12/07,0,,
07-ES-019,6/14/07,6,21,265
07-1826,6/17/07,51,293,2210
07-1824,6/19/07,0,,
07-1846,6/19/07,28,139.87,840
07-1876,6/23/07,38,190.5,1278
22828,6/30/07,18,140.75,809
07-T-1073,7/4/07,23,191.08,942
51318,7/5/07,0,,
07-ES-023,7/10/07,34,327.75,1685
83459,7/11/07,13,19.5,394
132036,7/19/07,0,,
169656,7/26/07,33,134.53,1301
176595,7/28/07,14,114,1770
188649,7/30/07,9,7,100
208007,8/2/07,29,143,455
207642,8/2/07,21,37.5,800
216042,8/4/07,15,232,1296
220790,8/5/07,32,157.5,1554
246722,8/10/07,0,,
254027,8/11/07,0,,
07-ES-026,8/11/07,12,72,522
262427,8/12/07,61,988.92,5045
271558,8/14/07,5,11,150
295664,8/18/07,33,82,1717
294933,8/18/07,6,21.5,110
318309,8/23/07,5,5.5,80
338398,8/27/07,25,106.62,1021
335111,8/27/07,3,4,50
341685,8/28/07,1,5,0
350451,8/30/07,4,22.67,315
371270,9/3/07,0,,
07-ES-029,9/3/07,3,9.5,106
378209,9/5/07,18,31.5,595
393915,9/8/07,39,381.18,2419
392089,9/8/07,0,,
398298,9/9/07,3,3.5,12
397202,9/9/07,43,144.67,1809
400855,9/10/07,20,91.5,1970
407428,9/11/07,0,,
405967,9/11/07,4,12.5,170
425691,9/15/07,26,57,1180
427517,9/16/07,0,,
426421,9/16/07,28,298.58,1590
442126,9/20/07,14,417,2690
07-ES-031,9/21/07,4,30,290
07-ES-030,9/22/07,23,185,830
07-ES-046,9/27/07,3,13,106
469885,9/27/07,3,2,5
485226,10/1/07,8,9.5,210
496183,10/4/07,43,484.92,2801
07-3258N,10/4/07,32,516.5,3491
510063,10/8/07,15,543.5,2373
521750,10/11/07,9,20,400
529785,10/13/07,10,49,658
556447,10/21/07,2,2,30
571057,10/22/07,10,0.5,40
580554,10/26/07,0,,
587493,10/27/07,24,87.83,905
582745,10/27/07,8,74,1275
593702,10/28/07,21,154.75,1053
605390,10/31/07,15,43,1130
604659,10/31/07,10,10.5,195
630592,11/7/07,3,2,20
725555,11/28/07,7,7,225
07-ES-035,12/1/07,23,153.92,996
738703,12/2/07,0,,
740164,12/2/07,33,150,2595
07-03922,12/2/07,0,,
737242,12/2/07,0,,
747834,12/3/07,39,326,3296
751852,12/4/07,14,351.5,1452
754044,12/4/07,4,50,500
769019,12/9/07,3,15.67,0
775228,12/12/07,4,7.5,140
800065,12/19/07,8,113.25,782
826362,12/26/07,3,9,100
813213,12/26/07,3,9,100
824901,12/26/07,0,,
07-ES-037,12/27/07,2,10,60
08-0006,1/1/08,0,,
08-0036,1/4/08,17,29,380
*,1/15/08,0,,
08-0151,1/15/08,0,,
08-ES-0004,1/19/08,6,44.5,160
08-0244,1/26/08,30,431.75,4021
08-0249,1/27/08,10,11.5,295
08-0263,1/29/08,3,,0
08-0379,2/9/08,26,215,1430
08-0453,2/17/08,34,147,1447
08-0452,2/17/08,8,28,0
08-448,2/17/08,5,24,365
08-0467,2/19/08,3,23.5,200
17380,2/21/08,3,11.25,40
08-0504,2/23/08,23,38.17,889
08-ES-008,2/23/08,3,11,210
08-0591,2/26/08,19,21.5,270
08-ES-0012,3/4/08,3,16.5,360
08-0750,3/19/08,11,7,111
08-ES-21,3/20/08,2,6.5,122
08-ES-0020,3/22/08,6,43.5,434
08-ES-0018,3/29/08,6,29.5,580
08-ES-0023,4/5/08,54,470.83,2741
08-ES-0024,4/13/08,3,28,200
08-1019,4/16/08,9,6.83,80
08-1141,4/29/08,7,52,590
08-1194,5/2/08,28,93.75,959
08-1185,5/2/08,5,14,200
08-1272,5/8/08,6,24,264
08-1308,5/10/08,4,6,0
08-1342,5/13/08,19,79,832
08-1392,5/16/08,0,,
08-1389,5/16/08,14,11.75,210
08-1416,5/17/08,52,455.67,3996
08-1408,5/17/08,34,267.5,2684
08-1503,5/24/08,27,288.5,1620
08-1504,5/24/08,30,120,1047
08-1418,5/25/08,42,159.92,2119
08-1408 Div 2,5/31/08,42,339.17,1640
08-1617,6/2/08,37,370,834
08-1673,6/8/08,2,14,0
08-1745,6/16/08,9,84,630
08-1849,6/21/08,38,116.58,1411
08-1857,6/22/08,0,,
08-1886,6/24/08,39,67.75,945
23590,6/29/08,0,,
21763,6/29/08,22,76.38,1249
20668,6/29/08,18,52.5,980
19207,6/29/08,32,158.25,1935
59384,7/5/08,6,28,200
08-163964,7/6/08,3,6,0
62671,7/6/08,3,6,0
67785,7/7/08,0,,
68515,7/7/08,29,71.83,1127
70707,7/8/08,1,6,80
70342,7/8/08,0,,
76915,7/10/08,3,14.25,145
83124,7/11/08,27,62.83,1023
106866,7/15/08,32,93.83,923
108692,7/16/08,17,52.08,295
136450,7/21/08,33,230,1262
08-ES-0039,7/26/08,58,132.08,914
08-ES-0040,8/5/08,4,8.5,65
08-ES-042,8/6/08,5,43.83,245
221551,8/7/08,14,16.25,335
237257,8/10/08,6,17.5,297
63767,8/12/08,10,23.5,430
263189,8/15/08,14,86,1258
267206,8/16/08,3,18,0
272320,8/17/08,36,477.82,3907
301174,8/21/08,57,568.13,4145
08-ES-0045,8/21/08,25,367.42,3805
308113,8/23/08,14,53,778
313227,8/24/08,11,15.75,305
321262,8/27/08,25,503.5,1715
328567,8/28/08,33,186.25,1385
338064,8/30/08,17,77.5,850
347195,9/1/08,40,387.15,2411
341716,9/1/08,1,7,0
352674,9/2/08,32,142.83,229
353404,9/3/08,8,22.5,285
358518,9/4/08,41,185.83,2498
366918,9/6/08,37,173.67,1411
372762,9/8/08,7,7,102
397964,9/14/08,49,444.5,2816
414399,9/18/08,30,370.5,3309
432296,9/21/08,3,57.5,330
430470,9/21/08,5,157.5,320
431931,9/21/08,23,38.75,676
453115,9/26/08,0,,
451288,9/26/08,6,11,220
459324,9/28/08,36,116.73,1452
480874,10/3/08,12,32.5,720
483065,10/5/08,20,109,670
500597,10/8/08,6,7.5,100
516667,10/12/08,29,172.92,1946
514476,10/12/08,27,90.47,1332
08-ES-0056,10/12/08,2,4,70
520685,10/13/08,28,93.25,1052
517763,10/13/08,14,295.83,1284
562688,10/24/08,31,60.25,829
08-ES-0059,10/25/08,2,18,150
569993,10/26/08,48,768.17,3242
621492,11/7/08,7,11.45,209
633545,11/10/08,35,348.42,2313
631719,11/10/08,1,1,2
658381,11/15/08,6,48,370
633545,11/15/08,53,469.83,2888
687966,11/23/08,22,42.33,912
702575,11/27/08,34,146.55,1149
701480,11/27/08,24,103.42,872
707324,11/29/08,44,113.5,1254
713898,12/1/08,10,21,283
736177,12/8/08,0,,
750787,12/14/08,42,308.75,1700
740560,12/16/08,0,,
803383,12/31/08,0,,
09-0082,1/7/09,27,31.5,632
09-0153,1/13/09,39,152.83,1374
09-0214,1/18/09,19,33.5,830
09-0266,1/20/09,10,9.5,170
09-0277,1/21/09,16,120,500
09-0367,1/30/09,2,7,56
09-0367,2/6/09,4,18,220
09-0493,2/13/09,15,25.08,371
09-0551,2/21/09,41,210.92,1762
09-T-1043.3.1,2/28/09,6,22.5,340
09-0770,3/19/09,23,39.67,591
09-0822,3/24/09,2,6,80
09-0845,3/26/09,18,32.75,485
09-0909,3/31/09,5,3.5,60
09-0927,4/2/09,0,,
09-0930,4/2/09,19,80.92,731
09-0955,4/4/09,0,,
09-0944,4/4/09,28,87.5,1285
09-0973,4/6/09,24,33.25,515
09-1007,4/9/09,36,215.82,1388
09-1011,4/10/09,6,17.5,298
09-1064,4/16/09,4,20,240
09-1078,4/17/09,0,,
09-00000,4/29/09,13,8,145
09-1248,5/2/09,9,57.5,425
09-1311,5/7/09,4,6,0
09-1322,5/8/09,3,5,120
09-1578,5/9/09,36,82.75,1545
09-1337,5/10/09,40,106.02,1581
09-1388,5/15/09,24,68,635
09-1407,5/17/09,24,88,1290
09-1456,5/22/09,46,245.75,1525
09-1478,5/23/09,0,,
09-1405,5/29/09,8,84,620
09-1549,5/30/09,11,28,150
09-1543,5/30/09,46,275.42,1765
09-ES-0022,6/3/09,6,25.25,205
09-1616,6/4/09,21,49.25,736
09-1634,6/6/09,7,56,315
09-1741,6/13/09,30,101.5,1597
09-1768,6/14/09,26,31.75,527
09-1819,6/18/09,12,33.75,602
09-E-0026,6/20/09,2,22.5,225
09-1854,6/21/09,19,293.75,3345
245,6/24/09,13,25.08,545
2436,6/25/09,14,106.75,889
15585,6/27/09,18,69,1460
10106,6/28/09,22,317,1057
17411,6/28/09,39,340.25,2456
56128,7/4/09,2,2,40
73659,7/8/09,3,,0
81694,7/10/09,19,82.25,1065
09-1703,7/10/09,22,280.17,2160
95574,7/11/09,1,2,0
85712,7/11/09,18,94.42,515
91191,7/12/09,4,27,200
103609,7/14/09,38,133.83,1282
107992,7/15/09,30,85.85,1329
127715,7/18/09,17,79.42,935
09-ES-030,7/18/09,43,377.82,2955
133924,7/19/09,43,394,2080
132828,7/19/09,27,121.68,1251
150359,7/22/09,14,44.25,830
157299,7/23/09,27,173,1175
167526,7/25/09,20,88.5,1175
174831,7/26/09,16,42,745
213182,8/1/09,19,63.92,945
09-ES-0034,8/1/09,4,28.25,293
221947,8/3/09,18,91,650
232540,8/4/09,25,163.42,2116
225600,8/4/09,13,45.33,550
242401,8/6/09,28,302.42,1075
241306,8/6/09,21,57.75,649
238018,8/6/09,11,54.75,965
250072,8/9/09,14,188,934
261028,8/11/09,36,414.92,1533
265046,8/12/09,11,50.25,277
278560,8/14/09,4,4.5,56
09-ES-0038,8/15/09,4,116,830
288422,8/16/09,5,10,0
288057,8/16/09,21,108.5,790
302666,8/20/09,11,32.33,658
305953,8/20/09,3,6,140
316545,8/22/09,14,88.7,1371
326407,8/25/09,37,260.48,2665
327137,8/26/09,7,69,175
350513,8/29/09,26,280.75,735
353070,8/30/09,16,33.25,565
342113,8/30/09,5,77.5,1000
361471,9/1/09,26,167.83,1057
371332,9/3/09,26,55.75,706
405664,9/10/09,13,21.75,240
457529,9/24/09,11,52,873
09-ES-046,9/25/09,20,272.5,2480
466295,9/26/09,22,93.5,1635
468121,9/27/09,2,4,150
09-ES-044,10/3/09,42,421.75,2109
489671,10/4/09,2,4.5,100
499532,10/6/09,16,43.5,650
517794,10/10/09,3,8.33,15
509029,10/10/09,7,102.5,170
518890,10/11/09,21,104.17,1620
500263,10/11/09,4,48,610
553953,10/17/09,34,147,1079
547014,10/17/09,12,82.25,897
585728,10/23/09,12,39.5,515
593764,10/24/09,23,130.25,1050
627732,11/1/09,14,37.5,447
632480,11/3/09,13,136.25,1195
670100,11/14/09,5,13.5,306
673022,11/16/09,4,50,690
689824,11/19/09,4,34.5,360
691650,11/20/09,3,18.5,298
09-ES-056,11/21/09,7,34,270
726348,11/29/09,0,,
748262,12/5/09,6,3.25,18
09-ES-059,12/7/09,4,12,140
796840,12/17/09,20,119,1062
807796,12/20/09,0,,
821311,12/24/09,3,3,5
826789,12/26/09,16,14.25,191
835555,12/29/09,3,5,70
10-ES-003,1/13/10,15,71.52,465
10-0284,1/24/10,15,71.25,506
10-0233,1/27/10,3,3,40
10-0319,1/31/10,32,306,1740
10-0358,2/4/10,6,8.5,150
10-0381,2/6/10,40,151.08,1731
10-0379,2/6/10,30,99,1196
10-0382,2/7/10,33,340.17,1855
10-0498,2/19/10,25,138.5,1338
10-ES-006,2/20/10,31,129.83,880
10-0515,2/21/10,42,337.75,2001
10-0508,2/24/10,3,23,370
10-0572,2/27/10,10,27.5,445
10-0631,3/5/10,24,162.52,1700
10-0638,3/6/10,1,2,
10-ES-010,3/10/10,15,100.5,675
,3/14/10,0,,
10-ES-011,3/20/10,38,181.58,1148
10-0805,3/22/10,27,112.75,930
10-0825,3/23/10,8,13.17,165
10-0946,4/4/10,9,4.5,50
10-0988,4/9/10,40,111,2760
10-1005,4/10/10,39,286.92,1688
10-0999,4/10/10,58,374.92,3540
10-0998,4/10/10,47,153.25,1385
10-1021,4/11/10,15,57.5,796
10-1087,4/17/10,4,3.5,8
10-1084,4/17/10,39,140.58,1682
10-1109,4/19/10,26,60.7,668
10-1132,4/20/10,31,41.08,729
10-1156,4/23/10,27,96.67,1317
10-1153,4/23/10,7,20.5,320
10-ES-016,4/24/10,3,16,155
10-ES-015,4/26/10,5,3.75,131
10-1240,5/1/10,25,42,833
10-ES-017,5/1/10,21,121.25,865
10-ES-007,5/5/10,2,5,90
10-1320,5/8/10,0,,
10-1356,5/11/10,31,116.35,1508
10-1616,6/1/10,21,11,129
10-1860,6/22/10,4,13.5,190
10-1893,6/23/10,34,92.25,1037
10-ES-023,6/23/10,16,77.75,611
13789,6/26/10,46,348.02,2450
29129,6/30/10,37,259.92,2137
59080,7/6/10,28,115.5,936
64193,7/7/10,21,55.5,825
71498,7/9/10,12,67.75,600
95239,7/13/10,28,184.75,1663
109118,7/17/10,3,19.5,95
10-ES-024,7/18/10,56,413.67,1598
131397,7/22/10,2,1,20
157694,7/27/10,7,17.83,180
156964,7/27/10,44,201.5,1384
162443,7/28/10,4,11,165
176322,7/31/10,22,156.25,1240
192758,8/2/10,8,118,990
196046,8/3/10,14,110,2799
195315,8/3/10,4,13,120
200794,8/4/10,18,68.5,680
210656,8/5/10,19,368.5,1290
209195,8/5/10,5,5,40
225630,8/7/10,2,2.25,38
227821,8/8/10,46,965.08,3678
237318,8/9/10,30,168.17,1195
266537,8/14/10,4,12.53,0
271285,8/15/10,33,204.5,1972
269824,8/15/10,28,100.75,1035
291739,8/18/10,26,154.75,2453
299408,8/21/10,29,102.17,1263
305252,8/23/10,10,55,826
325341,8/27/10,22,105,1561
333377,8/28/10,1,0.5,
381589,9/9/10,4,2,12
420669,9/17/10,16,26.5,343
456098,9/25/10,21,198.25,1850
490431,10/3/10,18,256,930
515998,10/11/10,24,97,1270
520381,10/12/10,25,84.25,1037
537547,10/17/10,14,37.33,435
552156,10/20/10,14,14.75,310
571880,10/25/10,17,434.5,1565
10-ES-046,10/30/10,47,184.58,1602
623014,11/5/10,14,73.75,586
10-ES-048,11/10/10,1,1,
664286,11/16/10,6,38.67,320
692410,11/23/10,4,16,135
734047,12/6/10,16,91,746
746100,12/8/10,15,37.75,512
735143,12/12/10,8,43.5,600
820245,12/25/10,4,12.5,60
10-ES-052,12/28/10,50,362.83,2987
11-0002,1/1/11,4,6,100
10-ES-052,1/1/11,66,668.5,3604
11-0037,1/4/11,2,4.92,30
11-0106,1/10/11,7,5.5,36
11-ES-001,1/20/11,10,34,705
11-ES-001,1/23/11,52,518.58,2272
11-0338,2/2/11,29,399.5,3176
11-0354,2/3/11,4,10.5,126
11-0338,2/5/11,31,296.57,1777
11-ES-007,2/15/11,3,7,30
11-0514,2/18/11,3,13.25,100
11-0525,2/19/11,29,125.75,935
11-ES-007,2/20/11,6,37.5,250
11-0909,3/29/11,12,41,525
11-0924,3/30/11,16,41.5,335
11-0980,4/3/11,42,280.72,1594
11-0999,4/6/11,29,207.5,2445
11-1046,4/9/11,29,169.58,936
11-1117,4/17/11,41,345.77,399
11-1236,4/29/11,30,63.25,997
11-1310,5/6/11,21,102.23,645
11-1323,5/8/11,37,172.75,748
11-1416,5/16/11,31,486.75,2400
11-1445,5/18/11,11,9.33,105
11-1585,5/29/11,10,34.25,160
11-ES-029,6/2/11,2,4,90
11-1655,6/4/11,53,313.25,2840
11-1667,6/4/11,9,33,390
11-ES-028,6/6/11,1,8.5,60
11-ES-028,6/11/11,67,461,3023
11-ES-029,6/18/11,53,328.88,1852
3958,6/24/11,23,61,1488
16377,6/26/11,41,205.75,2308
32082,6/29/11,37,161.67,1428
95635,7/11/11,1,6.75,
11-ES-000,7/11/11,3,13,55
111340,7/14/11,17,12.08,168
156264,7/23/11,37,201.75,1729
162474,7/24/11,27,215.43,1746
159917,7/24/11,23,30.58,600
177449,7/28/11,9,38.42,900
190963,7/31/11,55,415.85,2921
194616,8/1/11,24,52,769
198268,8/2/11,6,17.75,220
227487,8/6/11,7,11.5,235
226026,8/6/11,33,33.17,560
223469,8/6/11,40,122.75,1530
11-ES-043,8/6/11,26,185.42,1061
231870,8/7/11,42,272.58,2521
249402,8/11/11,2,6.15,70
255976,8/12/11,17,13.67,234
260724,8/13/11,34,111.5,2476
285196,8/17/11,36,314.07,2760
295787,8/20/11,29,102,1450
296152,8/20/11,10,16,165
328659,8/26/11,43,304.47,3167
11-ES-043,8/27/11,16,179.42,800
342539,8/28/11,5,9.25,264
342174,8/28/11,28,74.5,1519
365914,9/1/11,20,96.33,739
11-ES-046,9/1/11,17,139.25,450
375776,9/3/11,30,229.7,1366
373219,9/3/11,28,143.48,2236
382715,9/5/11,38,114.52,2754
415587,9/10/11,34,48.67,1230
418144,9/11/11,1,1.5,50
432754,9/13/11,23,132.25,1449
455033,9/18/11,8,83.75,695
471104,9/21/11,16,111.75,1428
486810,9/23/11,17,27.9,553
491558,9/24/11,29,120.75,2200
526986,9/24/11,25,64.9,1475
505072,9/27/11,26,108.25,1015
568258,10/11/11,15,28.58,424
574102,10/13/11,3,27,140
640942,10/28/11,21,36.5,494
650073,10/29/11,9,21.25,260
687693,11/6/11,52,277.5,1396
707416,11/9/11,5,12.58,303
687693,11/12/11,32,100,538
687693,11/12/11,105,832.58,3427
687693,11/16/11,9,44,125
687693,11/19/11,75,697.33,2391
11-ES-062,12/3/11,78,708.1,3240
796901,12/4/11,5,22.5,625
11-ES-065,12/10/11,64,529.95,2015
844381,12/17/11,7,9.83,184
860818,12/21/11,5,22.5,285
859722,12/21/11,44,257.72,2550
866662,12/23/11,13,12,228
877983,12/26/11,49,224.17,2340
901359,12/31/11,15,62.25,415
11-ES-062,12/31/11,14,91.75,428
12-0035,1/4/12,24,119.25,1240
12-0008,1/10/12,9,71.83,760
12-0106,1/12/12,5,15.5,120
12-0135,1/15/12,12,13.32,48
12-0143,1/16/12,10,47.75,555
12-0112,1/19/12,13,74.83,1160
12-0112,1/20/12,14,112.22,1424
12-0290,1/26/12,26,271.17,1645
12-0383,2/2/12,33,102.75,1095
12-0424,2/7/12,4,15.25,110
12-0446,2/11/12,11,135.25,660
12-0494,2/12/12,37,160.12,2040
12-0530,2/15/12,61,524.17,2966
12-0579,2/19/12,14,41,951
12-0580,2/19/12,44,192.25,4235
12-0751,3/3/12,28,87.08,1153
12-0812,3/9/12,37,143.33,1490
12-0967,3/24/12,11,11,
12-0997,3/26/12,9,25.08,295
12-1079,4/1/12,18,8.33,88
12-1116,4/6/12,22,80.42,262
12-1139,4/7/12,48,199.42,2290
12-1137,4/7/12,17,22.32,393
12-1145,4/9/12,5,44.75,140
12-1232,4/15/12,26,98.75,1005
12-1259,4/16/12,36,32.53,568
12-1311,4/21/12,62,379.07,3244
12-1389,4/26/12,88,889.83,5097
12-1390,4/26/12,17,32.75,403
12-1414,4/27/12,10,109.5,410
12-1434,4/29/12,33,196.42,1695
12-1389,5/5/12,37,357.67,1764
12-1576,5/11/12,3,1.5,49
12-1590,5/13/12,19,92.08,909
12-1389,5/19/12,19,160.58,890
12-1389,5/24/12,45,146.58,1468
12-1780,5/26/12,26,103.92,1500
12-1791,5/27/12,4,9,
12-1789,5/27/12,4,6.67,
12-1803,5/28/12,42,196.58,2232
29921,6/6/12,7,4.33,95
25173,6/9/12,2,1,25
29190,6/10/12,45,287.53,3058
52201,6/15/12,3,2.5,27
49644,6/15/12,12,99.47,725
94204,6/24/12,4,8,
11-ES-062,6/24/12,10,55.67,398
98952,6/25/12,13,47.85,660
115753,6/28/12,55,317.13,2146
135111,7/1/12,32,161.08,1577
135841,7/1/12,32,107.42,1124
162869,7/5/12,7,5.5,162
166521,7/6/12,36,166.25,945
176383,7/7/12,7,6.52,180
175287,7/7/12,27,93.22,1065
173826,7/7/12,7,27.08,450
171270,7/7/12,134,1975.32,12817
195376,7/10/12,17,11.75,177
203777,7/12/12,8,8,77
264406,7/22/12,8,4.58,116
284495,7/26/12,7,7,65
288878,7/27/12,28,107.2,998
295817,7/28/12,4,6.33,
310792,7/31/12,15,64.58,1230
333072,8/4/12,34,180.62,1460
331246,8/4/12,32,151.35,2185
345126,8/6/12,21,53.58,1055
349509,8/7/12,23,156.25,2005
354987,8/8/12,7,53.92,635
373249,8/11/12,17,91.92,740
381650,8/12/12,5,36.25,170
379458,8/12/12,11,73.5,439
379458,8/13/12,10,25.67,479
377267,8/14/12,2,26,250
398816,8/16/12,17,68.67,1380
12-0172,8/16/12,2,46,240
12-ES-037,8/18/12,33,183.17,1746
422557,8/19/12,36,153.87,1520
429131,8/20/12,33,84.6,1346
425113,8/20/12,24,123.48,1670
438262,8/22/12,23,70.37,1110
436801,8/23/12,24,145,2316
454332,8/25/12,34,210.18,2003
459446,8/26/12,10,34.02,232
471864,8/28/12,26,120.05,1185
470403,8/28/12,8,11.58,190
499623,9/2/12,21,133.87,670
499258,9/2/12,17,12.33,260
495240,9/2/12,12,15.08,323
520807,9/6/12,14,22.93,590
533956,9/8/12,0,,
556966,9/11/12,2,4,25
582168,9/15/12,10,17,329
588011,9/16/12,52,389,3279
588011,9/20/12,1,4.75,70
623805,9/23/12,37,102.93,1933
621614,9/23/12,27,100.55,2061
647181,9/28/12,29,155.83,2175
12-ES-045,9/29/12,30,119.17,1650
651930,9/29/12,17,41.42,1235
650103,9/29/12,12,24.5,209
655947,9/30/12,36,255.23,3220
12-ES-045,9/30/12,19,139.92,717
12-ES-0048,10/5/12,7,29.5,250
12-ES-048,10/6/12,39,264.68,1531
682610,10/7/12,21,129.92,1449
683705,10/9/12,1,11,
730091,10/17/12,37,41.27,969
761867,10/18/12,6,14.55,212
749083,10/23/12,58,202.62,2770
759310,10/25/12,32,133.83,2005
771363,10/27/12,8,14.17,410
,11/1/12,4,11,55
844777,11/10/12,61,435.08,2223
849160,11/11/12,9,120.08,1010
871075,11/17/12,24,227.17,1330
12-ES-058,11/18/12,51,387.83,2012
436801,11/24/12,1,1.75,40
957272,11/29/12,1,5.5,100
931705,12/5/12,11,214,717
984300,12/16/12,48,303.92,1992
12-ES-061,12/20/12,15,53.17,517
13-0017,1/2/13,20,9.08,138
13-0030,1/3/13,149,2378.83,14892
13-0025,1/3/13,2,6.5,25
13-0138,1/13/13,50,185.68,2524
13-0166,1/15/13,29,241.85,2321
13-0387,2/4/13,10,11.33,190
13-0407,2/6/13,52,607.67,3310
13-0407,2/6/13,20,251.42,2291
13-0528,2/16/13,28,39.83,895
13-ES-007,2/23/13,30,245.33,1145
13-0606,2/25/13,38,459.23,5099
13-ES-009,3/2/13,5,22.5,260
13-ES-010,3/4/13,4,16,120
13-0748,3/9/13,24,81.08,1486
13-0743,3/9/13,2,2,30
13-ES-014,3/13/13,3,12.5,75
13-0892,3/21/13,46,239.18,1846
13-0996,3/30/13,27,81.72,1403
13-1052,4/3/13,30,63.18,818
13-1050,4/3/13,41,175,1515
13-1081,4/5/13,6,31,562
13-ES-020,4/5/13,34,231.25,1317
13-1094,4/6/13,18,74.67,690
13-1123,4/8/13,30,105.63,1540
13-1188,4/13/13,23,238.58,1068
13-1186,4/13/13,46,196,2851
13-1219,4/15/13,30,188.25,1333
13-1186,4/17/13,4,37.48,
13-1186,4/20/13,5,136.5,388
13-1316,4/22/13,6,22.75,349
13-1186,4/24/13,1,2.75,76
13-ES-023,4/27/13,48,221.47,1665
13-1458,5/3/13,42,153.73,2818
13-1534,5/8/13,33,221.83,1675
13-1186,5/8/13,22,109.28,1353
13-1605,5/12/13,61,130.87,2543
13-1595,5/12/13,3,17,310
,5/13/13,5,352,1750
13-1700,5/19/13,42,183.25,2331
13-1696,5/19/13,51,350,2396
13-1797,5/25/13,18,15.25,201
13-1794,5/25/13,20,40.42,934
13-1816,5/27/13,34,105.17,2173
13-1811,5/27/13,10,53.08,663
13-1818,5/28/13,35,201.58,1234
13-1881,6/2/13,6,7.5,
13-1892,6/3/13,7,3.92,72
13-1886,6/3/13,2,9,
13-1996,6/10/13,35,135.92,1343
13-2079,6/15/13,9,12.17,293
13-2056,6/16/13,20,296.5,2690
13-2102,6/18/13,25,146.92,844
13-2160,6/22/13,4,5.33,
13-2156,6/22/13,4,16,
13-2182,6/23/13,27,344.53,3135
13-2194,6/25/13,3,3.5,70
13-2257,6/29/13,19,92.87,1270
13-2251,6/29/13,40,118.58,2184
13-ES-034,6/29/13,36,199.32,1237
13-2266,6/30/13,20,42.27,675
13-2278,7/1/13,86,823.37,8546
13-2311,7/2/13,49,158.98,2683
13-0310,7/4/13,20,96.9,875
13-2401,7/8/13,16,19.97,632
13-2446,7/11/13,25,41.5,1139
13-ES-041,7/13/13,36,109.72,765
13-ES-039,7/13/13,15,52.83,811
13-ES-040,7/13/13,36,104.75,1250
13-2476,7/14/13,52,146.68,2467
13-2552,7/18/13,39,185.97,3340
13-2586,7/20/13,13,98.08,375
13-2592,7/21/13,27,78.23,1299
13-2601,7/22/13,19,133.58,1045
13-2636,7/23/13,2,3,2
13-2648,7/24/13,10,25.5,618
13-2695,7/27/13,7,17.9,445
13-2712,7/27/13,4,6.67,25
13-2705,7/28/13,1,0.83,
13-2704,7/28/13,36,115.83,2315
13-2740,7/30/13,19,96.55,1674
13-2786,8/3/13,26,36.85,1506
13-2824,8/6/13,2,12,105
13-2855,8/7/13,8,16.13,380
13-2857,8/8/13,42,305.78,1669
13-2893,8/10/13,23,83.78,921
13-2921,8/12/13,53,612.33,3964
13-2915,8/14/13,2,42,368
13-3029,8/18/13,24,112.33,2480
13-3055,8/20/13,13,39.67,710
13-3101,8/23/13,21,75.5,1380
13-ES-035,8/24/13,9,71,600
13-3139,8/25/13,19,60.75,769
13-3159,8/27/13,39,141.13,1477
13-3154,8/27/13,3,31,150
13-3160,8/28/13,2,1,35
13-3190,8/29/13,28,140.23,1436
13-3223,8/31/13,19,92.43,1297
13-3222,8/31/13,11,16.58,322
13-3249,9/1/13,17,26.32,490
13-3255,9/1/13,20,67,1085
13-3292,9/4/13,20,48.72,388
13-3391,9/8/13,46,562.27,3760
13-3396,9/9/13,11,74.83,820
13-3446,9/13/13,8,21.17,666
13-3482,9/14/13,14,64.92,1070
13-3478,9/14/13,17,59.25,662
13-3595,9/18/13,26,84.17,878
13-3671,9/28/13,15,18.4,444
13-3669,9/28/13,11,6.87,91
13-3721,10/1/13,12,63.75,695
13-3724,10/2/13,9,123.83,540
13-3773,10/5/13,18,68.47,792
13-3784,10/6/13,22,42.07,671
13-3783,10/6/13,13,24,870
13-ES-056,10/9/13,1,1,
13-3951,10/17/13,25,45.55,481
13-ES-057,10/19/13,62,355.03,1537
13-4078,10/26/13,18,65.03,883
13-4125,10/31/13,6,21.5,180
13-4225,11/7/13,4,33.5,380
13-4363,11/21/13,8,4.58,57
13-4406,11/23/13,4,20.68,350
13-ES-063,11/23/13,112,1051.25,5750
13-4419,11/24/13,25,71.02,1272
13-4454,11/27/13,18,29.42,546
13-4498,12/2/13,10,77,1170
13-4552,12/7/13,56,332.65,1987
13-4593,12/11/13,23,60,987
13-4748,12/24/13,41,152.58,1978
14-0037,1/4/14,39,177.52,2689
14-0059,1/6/14,57,173.35,1848
14-0124,1/11/14,17,30.15,884
14-0216,1/18/14,26,133.98,1229
14-0240,1/20/14,42,81.05,1433
14-0292,1/25/14,43,159.22,1934
14-0308,1/26/14,47,371.32,3717
14-0306,1/26/14,3,4.5,40
14-0327,1/28/14,30,106.33,1472
14-0393,2/5/14,13,108,60
14-0452,2/8/14,29,158.93,1710
14-0463,2/9/14,11,57.75,432
14-ES-009,2/9/14,20,19.33,806
14-0539,2/15/14,6,38.5,180
14-0568,2/16/14,6,20,140
14-0565,2/16/14,4,6,98
14-ES-009,2/16/14,37,282.08,1320
14-0635,2/21/14,12,36.2,630
14-0643,2/22/14,27,102.75,990
14-ES-011,2/22/14,31,199.58,1646
14-0676,2/25/14,24,180.1,1133
14-0675,2/25/14,9,17.25,331
14-0676,2/26/14,32,122.3,1773
14-0782,3/6/14,44,266.58,2024
14-0834,3/9/14,28,79.88,1108
14-0906,3/10/14,11,35.25,710
14-0958,3/21/14,3,35,590
14-1006,3/22/14,65,260.4,770
14-1001,3/22/14,64,390.05,5946
14-0995,3/22/14,20,922.23,8504
14-1144,4/3/14,24,85.15,1291
14-0995,4/7/14,3,182.75,914
14-1215,4/9/14,42,178.68,1717
14-ES-016,4/13/14,16,30.25,601
14-1287,4/14/14,40,155.23,2418
14-0995,4/14/14,2,101.75,595
14-ES-019,4/19/14,82,489.08,2707
14-0995,4/21/14,2,29,210
14-1436,4/26/14,36,114.95,2232
14-1446,4/27/14,70,628.92,4427
14-ES-020,4/30/14,24,109.25,1861
14-1511,5/1/14,7,2.97,0
14-1513,5/2/14,9,19.28,497
14-1658,5/11/14,34,242.52,1914
14-1653,5/11/14,17,36.92,632
14-1713,5/15/14,32,143.27,1955
14-1767,5/19/14,40,166.78,1940
14-1817,5/23/14,27,85.42,2080
14-ES-026,6/1/14,67,578.83,2939
14-2061,6/8/14,13,3.62,15
14-2063,6/8/14,53,125.87,1894
14-2112,6/10/14,2,3.5,25
14-2125,6/12/14,3,8.5,50
14-2149,6/14/14,26,73.42,713
14-2164,6/15/14,29,84.32,1399
14-2163,6/15/14,10,6.97,65
14-2211,6/20/14,11,218.5,1090
14-2254,6/21/14,20,36.55,497
14-2252,6/21/14,23,83.83,1064
14-ES-031,6/21/14,19,57,538
14-2294,6/24/14,26,130.15,942
14-2315,6/26/14,41,176.17,1889
14-2386,6/30/14,27,190.78,625
14-2381,6/30/14,31,112.57,2295
14-2378,6/30/14,40,56.5,984
14-2390,7/1/14,17,34.08,750
14-0995,7/2/14,2,4.5,80
14-2448,7/4/14,16,43.5,585
14-2478,7/6/14,20,52.32,1695
14-2520,7/8/14,10,47.6,441
14-2837,7/10/14,17,28.83,812
14-2587,7/12/14,28,76,1383
14-2576,7/12/14,14,26.37,270
14-2604,7/13/14,8,12.75,215
14-2346,7/13/14,9,74.75,925
14-2630,7/14/14,11,21.17,601
14-2653,7/16/14,1,0.5,
,7/25/14,4,1.5,75
14-2843,7/27/14,8,26.75,650
14-2841,7/27/14,33,183.68,1894
14-2943,8/2/14,25,229.2,1544
14-2928,8/2/14,11,28.25,180
14-2957,8/3/14,4,10.83,195
14-2968,8/4/14,15,177,1285
14-2968,8/6/14,18,140,1247
14-2968,8/7/14,22,172.42,2155
14-3040,8/8/14,9,8.25,148
14-3057,8/9/14,24,92.58,1640
14-3073,8/10/14,30,257.58,2145
14-3085,8/11/14,5,6.92,194
14-3150,8/13/14,9,18,250
14-3150,8/14/14,40,169.57,2841
14-3150,8/16/14,34,342.42,1846
14-3265,8/21/14,19,93.58,961
14-3310,8/25/14,4,22.17,600
14-3333,8/26/14,24,179.13,2010
14-3409,8/31/14,44,197.28,2220
14-3442,9/3/14,15,73.33,1140
14-3462,9/5/14,21,315.28,3144
14-3488,9/6/14,17,52.57,675
14-3482,9/6/14,35,150.65,2187
14-3500,9/7/14,22,75.55,1116
14-3517,9/8/14,29,102.43,995
14-3517,9/10/14,52,530.98,3588
14-3585,9/12/14,33,75.5,1357
14-3601,9/13/14,25,100.42,1280
14-3617,9/15/14,41,332.33,2449
14-3676,9/18/14,13,19.75,570
14-3810,9/27/14,28,99.8,897
14-3805,9/27/14,30,142.93,1772
14-3824,9/28/14,24,75.62,1191
14-3919,10/5/14,15,93.98,1295
14-3934,10/6/14,12,44.9,782
14-4156,10/8/14,2,7.5,80
14-3951,10/8/14,35,432.63,2234
13-0030,10/9/14,1,6.5,150
14-3951,10/9/14,31,402.83,2156
14-4039,10/15/14,6,38.75,310
14-4039,10/19/14,63,726.27,5702
14-4111,10/20/14,4,2.67,17
,10/23/14,7,3.82,96
14-4156,10/23/14,2,7,105
14-4196,10/25/14,13,75.5,530
14-4242,10/28/14,41,364.92,2370
14-4242,10/30/14,40,354.1,2777
14-4320,11/2/14,40,191.13,2922
14-4587,11/20/14,64,530.8,4985
14-4619,11/22/14,23,43.93,815
,12/2/14,7,76.25,942
14-4729,12/3/14,42,303.25,2899
14-4779,12/8/14,2,16,240
14-4822,12/11/14,56,723.68,3524
14-ES-049,12/21/14,28,136,1177
14-5037,12/29/14,3,34,400
15-0004,1/1/15,33,74.97,1155
15-0029,1/3/15,38,141.9,1735
15-ES-001,1/3/15,47,293.02,2591
15-0063,1/5/15,19,20,380
15-0050,1/5/15,31,46.55,906
15-ES-002,1/8/15,5,25.75,210
15-ES-002,1/9/15,5,19.25,340
15-ES-005,1/10/15,28,152.35,1169
15-ES-001,1/11/15,30,158.07,1401
15-0158,1/14/15,25,86.37,1946
15-0187,1/17/15,10,11.25,40
,1/19/15,13,15.08,194
15-0244,1/20/15,5,11.17,180
15-ES-008,1/31/15,26,155.75,986
15-0378,2/2/15,15,144.75,1700
15-0543,2/14/15,29,136.25,1341
15-0584,2/18/15,8,15.67,170
15-0600,2/19/15,11,38.52,515
15-0000,2/21/15,4,4,120
15-0625,2/21/15,7,34.75,30
15-0639,2/22/15,18,30.17,760
15-0665,2/24/15,51,221.25,1600
15-ES-012,3/1/15,2,21,200
15-0736,3/2/15,29,256.83,1351
15-0837,3/8/15,9,8.85,201
15-0829,3/8/15,8,61,404
15-0963,3/19/15,23,88.63,1437
15-0992,3/21/15,27,43.42,890
15-0988,3/21/15,28,61.13,750
15-1060,3/26/15,30,52.35,1079
15-1076,3/27/15,7,14.48,190
15-1091,3/28/15,45,171.85,2051
15-1099,3/29/15,31,41.77,1572
15-1157,4/2/15,2,0.5,
15-ES-018,4/4/15,75,452.62,1846
15-1203,4/5/15,27,91.1,1767
15-1273,4/11/15,21,70.5,937
15-1287,4/12/15,73,172.67,3614
15-1363,4/18/15,12,22,690
15-1360,4/18/15,24,37.25,908
15-1368,4/19/15,52,212.25,2157
15-1365,4/19/15,27,123.75,1346
15-1492,4/26/15,3,4.67,50
15-1490,4/26/15,15,140.82,751
15-1485,4/26/15,1,1,
15-1560,5/2/15,35,94.83,1489
15-1657,5/9/15,25,23.83,700
15-1655,5/9/15,5,10,85
15-1654,5/9/15,29,66.32,668
15-1648,5/9/15,25,63.58,1054
14-4039,5/10/15,14,112.25,1243
15-1852,5/23/15,45,377.28,1935
15-1866,5/24/15,6,16.27,361
15-1869,5/24/15,5,25,283
15-1881,5/25/15,39,130.97,1355
15-1883,5/25/15,32,81.75,720
15-1876,5/25/15,42,123.33,1493
15-1953,5/30/15,34,87.7,1940
15-ES-023,5/30/15,36,166.5,1592
15-1978,5/31/15,29,63.08,1147
15-1989,6/1/15,12,59.75,825
15-2090,6/5/15,22,35.67,614
15-2090,6/7/15,5,8.25,100
15-2109,6/9/15,9,71.5,722
15-ES-025,6/9/15,5,16.5,140
15-2144,6/10/15,24,58.25,983
15-2109,6/13/15,16,202,1329
15-2221,6/15/15,22,81.77,935
15-2250,6/17/15,5,28,270
15-2321,6/21/15,27,137.8,1788
15-2376,6/24/15,10,6.07,202
15-2433,6/27/15,30,93.98,1763
15-2429,6/27/15,9,13.5,0
15-2456,6/28/15,28,96.33,1480
15-2511,7/1/15,1,4.5,66
15-2541,7/3/15,32,129.78,1430
15-2572,7/4/15,27,103.92,1612
15-2541,7/4/15,26,73.08,1200
,7/4/15,7,12.58,457
15-2595,7/5/15,27,189.37,1004
15-2615,7/6/15,21,41.93,1136
15-2606,7/6/15,30,75.87,1260
15-2790,7/17/15,13,16.22,628
15-2773,7/17/15,1,0.75,4
15-2805,7/18/15,1,1,
15-2816,7/19/15,33,161.4,1460
15-2858,7/21/15,18,46.67,799
15-2853,7/21/15,4,5.5,5
15-2910,7/25/15,19,71.92,1000
15-2970,7/29/15,25,139.28,1638
15-3002,7/31/15,4,3,15
15-ES-032,7/31/15,5,19.5,240
15-3008,8/1/15,36,202.85,2168
15-3081,8/5/15,16,16.45,391
15-3074,8/5/15,3,18,90
15-3113,8/7/15,21,148.65,1425
15-ES-032,8/8/15,27,177.5,1000
15-3157,8/9/15,1,0.25,10
15-3158,8/9/15,7,15.75,
15-3255,8/14/15,6,13.5,240
15-3269,8/15/15,6,24.25,40
15-3262,8/15/15,21,325.8,1760
15-3325,8/19/15,33,133.98,1136
15-3385,8/23/15,23,135.12,1290
15-3377,8/23/15,37,141.85,2712
15-3386,8/24/15,3,21,400
15-3452,8/27/15,52,677.63,5660
15-3496,8/30/15,3,6,40
15-3551,9/2/15,27,129.18,1990
15-3607,9/6/15,21,42.52,808
15-3650,9/10/15,22,100.57,1381
15-3679,9/12/15,30,191.42,1643
15-3704,9/14/15,77,281.97,3255
15-ES-042,9/14/15,2,2,24
15-3758,9/19/15,36,219.63,2053
15-3780,9/21/15,39,149.3,1911
15-3817,9/25/15,2,3.5,60
15-3848,9/27/15,4,8.52,285
15-3846,9/27/15,11,49.58,420
15-3845,9/27/15,50,146.78,2224
15-3862,9/28/15,13,28.17,601
15-3858,9/28/15,12,5.93,133
15-3851,9/28/15,35,101.17,1170
15-ES-044,10/4/15,7,19.5,290
15-3963,10/8/15,30,85.93,1197
15-ES-044,10/10/15,59,278.53,4358
15-4039,10/14/15,11,12.67,375
15-4027,10/14/15,10,10.25,144
15-4051,10/15/15,24,36.03,740
15-ES-045,10/17/15,10,106.75,1000
15-4080,10/17/15,5,25.25,337
15-4180,10/26/15,34,385.07,2710
15-ES-049,10/31/15,37,242,2075
15-4292,11/2/15,34,261.42,1346
15-4307,11/3/15,7,13.7,190
15-4357,11/7/15,34,106.75,1413
15-ES-053,11/13/15,4,20,140
15-4480,11/15/15,20,48.65,1013
15-4588,11/21/15,25,104.42,1430
15-4645,11/25/15,3,2.25,6
15-4678,11/28/15,9,17.33,220
15-4676,11/28/15,5,6,30
15-ES-055,11/28/15,48,369.07,2190
15-ES-057,11/30/15,20,177.92,2057
15-4728,12/2/15,19,99.23,1327
15-4804,12/7/15,2,10,100
15-4696,12/10/15,18,66.03,928
15-4880,12/11/15,11,70.28,1090
15-4899,12/13/15,40,318.58,4289
15-4953,12/17/15,28,109.48,1051
15-4952,12/17/15,4,14,125
15-4959,12/17/15,3,11,125
15-4950,12/17/15,11,61.07,1056
15-4980,12/20/15,73,1018.33,7611
15-5013,12/22/15,23,145.5,1696
15-5058,12/26/15,0,,
15-5137,12/31/15,60,728.87,3950
16-0095,1/7/16,19,98.53,1325
16-0118,1/8/16,2,9,90
16-0127,1/10/16,2,0.5,
16-0159,1/12/16,16,28.42,414
16-0193,1/15/16,20,88.18,740
,1/15/16,0,,
,1/15/16,0,,
16-0192,1/15/16,9,4.67,1
16-ES-003,1/22/16,21,143.67,2408
16-0301,1/23/16,4,15.5,165
,1/25/16,2,6,
,1/31/16,7,14,
16-0453,2/3/16,1,0.25,5
16-0472,2/4/16,25,149.87,1202
16-0460,2/4/16,6,8.87,162
16-ES-004,2/7/16,5,54,892
16-0571,2/11/16,2,9,200
16-0603,2/15/16,57,376.58,2514
16-0530,2/16/16,6,35.17,185
16-0635,2/17/16,20,23.65,372
16-0674,2/20/16,34,108.43,415
16-0699,2/22/16,35,111.32,1416
16-0729,2/24/16,29,118.68,1515
16-0785,2/28/16,50,384.18,2187
16-0805,3/1/16,14,35.07,385
16-0990,3/13/16,35,65.9,1392
16-1041,3/16/16,25,59.92,1053
16-1045,3/17/16,17,46.3,572
16-1078,3/18/16,23,28.35,819
16-1064,3/18/16,27,130.75,1283
16-1091,3/19/16,28,64.5,980
16-1171,3/28/16,3,46.5,200
16-1215,3/30/16,30,72.1,1552
16-1212,3/30/16,28,32.82,879
16-1222,3/31/16,12,16.23,507
16-ES-013,4/2/16,68,1216.57,15080
16-1248,4/2/16,4,8,90
16-1251,4/2/16,4,5,70
16-1264,4/3/16,9,15.43,195
16-1257,4/3/16,41,114.32,1828
16-1276,4/4/16,29,78.32,1417
16-1266,4/4/16,16,93.58,1073
16-1314,4/7/16,35,159.3,1755
16-1343,4/9/16,45,263.02,2347
16-1357,4/10/16,56,288.22,3473
16-ES-016,4/12/16,8,24.25,288
16-ES-016,4/16/16,9,35,431
16-1442,4/17/16,19,52.42,1205
16-0000,4/17/16,10,75.87,1112
16-1435,4/17/16,18,133.35,1250
16-1477,4/19/16,5,19.42,275
16-1508,4/21/16,34,126,2141
16-1541,4/23/16,4,7,125
16-1534,4/23/16,35,213.48,1612
16-1489,4/23/16,9,118.25,1215
16-1385,4/24/16,20,213.72,2020
15-4980,4/25/16,6,33,185
15-4980,4/26/16,19,76,
16-ES-020,4/26/16,1,10.5,200
15-4980,4/29/16,13,41,285
16-1624,4/30/16,4,16.5,135
16-2001,4/30/16,2,3,40
15-ES-057,4/30/16,46,470.42,4386
15-4980,4/30/16,7,49.02,300
15-4980,5/1/16,5,24.52,250
16-1664,5/3/16,25,74.95,796
16-ES-023,5/6/16,32,156.18,1172
15-4980,5/7/16,40,418.45,3588
16-1742,5/8/16,21,96,640
16-1726,5/8/16,17,189.25,1435
15-4980,5/14/16,59,735.6,4693
16-ES-023,5/14/16,32,154.38,1115
16-1385,5/15/16,8,123.5,945
16-1823,5/17/16,90,1233.33,8099
16-1889,5/21/16,45,229.72,1580
16-1965,5/27/16,41,660.88,3669
16-1956,5/27/16,11,51,380
16-1949,5/27/16,30,297.97,2684
16-ES-026,5/28/16,41,188.25,998
16-1991,5/29/16,15,50.08,893
16-2005,5/30/16,16,71.25,719
16-2001,5/30/16,22,40.95,590
16-2049,6/2/16,17,34.78,739
16-2069,6/4/16,10,68.83,420
15-4980,6/4/16,36,239.3,2825
16-2112,6/7/16,33,106.8,1483
,6/9/16,3,5.75,200
,6/12/16,0,,
16-2173,6/12/16,23,44.6,1302
16-2209,6/15/16,19,97.75,632
16-2204,6/15/16,10,5.92,91
16-ES-029,6/17/16,5,45.25,380
16-2235,6/18/16,4,62,640
16-2269,6/20/16,37,158.2,3026
16-2293,6/22/16,4,19.5,185
16-2356,6/28/16,24,102.1,992
16-2392,6/30/16,8,6.17,190
16-2420,7/2/16,4,2.67,
16-2434,7/3/16,30,119.18,1090
16-2441,7/3/16,34,195.52,1545
16-2459,7/4/16,7,7.33,93
16-2498,7/7/16,35,172.63,2049
16-ES-032,7/9/16,62,272.63,2779
16-2584,7/14/16,23,12.62,142
16-ES-034,7/15/16,2,9,63
16-2640,7/17/16,35,195.33,1249
15-ES-044,7/17/16,53,367.35,4022
16-2627,7/17/16,15,17.33,416
16-2663,7/18/16,14,61.5,665
16-2633,7/18/16,9,289.58,738
16-2706,7/20/16,7,14.95,260
16-2704,7/20/16,31,123.18,1249
16-2789,7/26/16,16,47.58,601
16-2801,7/27/16,2,2,25
16-2809,7/28/16,26,114.57,2022
16-2838,7/30/16,28,121.42,934
16-2852,7/31/16,45,110.35,1222
16-2902,8/3/16,21,249.5,2315
16-2924,8/5/16,21,63,850
16-2948,8/7/16,37,221.47,3154
16-3058,8/14/16,1,1,10
16-3047,8/14/16,20,50.67,1635
16-3091,8/18/16,6,26.75,865
,8/21/16,3,8.75,170
,8/23/16,5,22.5,280
16-3229,8/26/16,21,69.25,1370
16-3247,8/27/16,12,8.1,0
16-3242,8/27/16,16,14.25,380
16-3277,8/29/16,15,50.55,1195
16-3344,9/3/16,58,326.98,2656
16-3366,9/5/16,5,8.33,0
16-3399,9/9/16,34,166.17,1571
16-3434,9/11/16,8,24.17,490
16-3431,9/11/16,17,42.48,1560
16-3424,9/11/16,35,183.53,2494
16-3523,9/19/16,69,897.5,7406
16-3591,9/26/16,19,43.95,1307
16-3613,9/28/16,17,47.08,1008
16-3523,10/1/16,61,718.13,5014
16-3671,10/4/16,30,101.27,1620
16-3745,10/9/16,60,1008.93,5375
16-3945,10/22/16,9,16.25,332
16-4050,11/1/16,10,74.23,975
16-4084,11/2/16,32,183.62,1800
16-4119,11/3/16,17,6.92,171
16-ES-052,11/3/16,2,6,180
16-4050,11/3/16,6,61.75,690
16-4143,11/5/16,7,5.12,21
16-4158,11/6/16,4,12.22,136
16-4199,11/10/16,4,15,310
16-ES-052,11/12/16,67,593.53,2826
16-4329,11/19/16,12,30.47,540
16-4328,11/19/16,19,63.38,864
16-4383,11/25/16,28,102.65,1173
16-4417,11/28/16,33,52.53,1226
16-ES-054,12/3/16,47,374.65,2526
16-4567,12/10/16,28,220.68,1370
16-4585,12/11/16,2,7,60
16-4636,12/15/16,36,250.42,2156
16-4658,12/18/16,5,10,228
16-4704,12/21/16,30,97.82,1375
16-4731,12/24/16,6,24.62,250
16-4746,12/25/16,14,38.17,693
16-4745,12/25/16,48,210.58,2351
16-4744,12/25/16,27,52.63,955
16-4770,12/28/16,8,27.13,600
16-4803,12/31/16,35,165.63,2043
17-0013,1/1/17,32,171.58,1519
17-0024,1/2/17,11,77.65,657
17-0075,1/7/17,25,41.62,940
17-0111,1/10/17,17,97.02,1254
17-0176,1/14/17,3,10.5,105
17-0168,1/14/17,31,241.43,3157
17-0195,1/16/17,33,117.55,1690
17-0168,1/28/17,38,417.83,4165
17-0345,1/29/17,32,93.87,1781
17-0397,2/2/17,4,15.5,350
17-0396,2/2/17,17,103.7,811
17-0418,2/4/17,49,415.92,2584
17-0423,2/5/17,22,60.8,900
17-0583,2/17/17,16,97.75,727
17-0672,2/25/17,1,0.53,5
17-ES-008,2/25/17,9,58,704
17-0748,3/4/17,52,329.98,2558
17-0843,3/12/17,32,98.15,917
17-0879,3/15/17,33,160.63,1324
17-0974,3/22/17,25,85.53,1269
17-1009,3/25/17,28,178.28,1040
17-ES-013,3/25/17,35,251.67,2455
17-ES-014,4/8/17,1,14.75,250
17-1206,4/11/17,31,260.03,2474
17-1207,4/12/17,44,422.93,2605
17-1361,4/22/17,47,155.17,3250
17-ES-015,4/26/17,2,7,
17-ES-015,4/29/17,50,393.28,2746
17-1488,5/2/17,15,8.83,56
17-ES-018,5/5/17,2,5,18
17-1551,5/6/17,21,43.68,533
17-1611,5/10/17,19,9.13,173
17-1669,5/14/17,28,33.08,605
17-1698,5/16/17,6,26.25,607
17-1738,5/19/17,23,27.3,489
17-1761,5/20/17,21,10.47,119
17-1752,5/20/17,8,18,0
17-1756,5/20/17,4,8.75,80
17-1751,5/20/17,29,110.12,1131
17-1776,5/21/17,28,25.1,501
17-1777,5/22/17,54,386.52,3268
17-1777,5/25/17,6,26,180
17-1838,5/26/17,6,3.48,85
17-1834,5/26/17,23,25.3,560
17-1863,5/27/17,19,28.1,609
17-1857,5/27/17,21,118.57,1795
17-1852,5/27/17,44,85.72,1120
17-1848,5/27/17,41,110.72,956
17-1870,5/28/17,21,30.87,588
17-1909,5/29/17,35,109.15,1812
17-1909,5/29/17,7,27.92,265
17-1896,5/29/17,41,120.9,1622
17-1986,6/3/17,4,1.88,2
17-1985,6/3/17,25,149.65,1213
17-2075,6/10/17,42,469.58,2987
17-ES-020,6/10/17,13,114,1365
17-2077,6/10/17,6,27.08,255
17-2102,6/12/17,17,20.1,539
17-2097,6/12/17,13,49.45,650
17-2117,6/13/17,18,43.97,251
17-2150,6/15/17,39,151.47,1145
17-2189,6/17/17,8,33.73,150
17-2181,6/17/17,74,923.17,5344
17-2213,6/19/17,51,245.3,2572
17-2209,6/19/17,4,32,372
17-2233,6/21/17,3,9.25,220
,6/25/17,6,2.17,2
17-2306,6/25/17,22,45.58,805
17-2304,6/25/17,30,75.75,960
17-2268,6/25/17,4,10.5,229
17-2297,6/25/17,19,105.93,1523
17-2317,6/26/17,23,127.4,1851
17-2318,6/27/17,24,284.83,3078
17-2318,6/27/17,21,238.33,2540
17-2362,6/28/17,18,59.48,760
17-2369,6/28/17,14,36.63,749
17-2382,6/30/17,32,297.05,2858
17-2379,6/30/17,19,52.17,759
17-2399,7/1/17,31,113.08,1240
17-2318,7/1/17,3,37,390
17-2427,7/2/17,21,126.25,1020
17-2417,7/2/17,27,108.58,1863
17-2447,7/3/17,3,1.75,20
17-2424,7/3/17,8,4.93,18
17-2443,7/3/17,23,210.2,1235
17-2460,7/4/17,32,141.4,1979
17-2456,7/4/17,8,7.27,90
17-2518,7/7/17,42,303.87,1686
17-2540,7/9/17,20,55.33,227
17-2590,7/12/17,10,20.25,280
17-2613,7/14/17,32,168.05,1768
17-2617,7/14/17,4,1.67,20
17-2646,7/15/17,16,22.83,495
17-2660,7/16/17,6,3.5,0
17-2682,7/17/17,18,34.42,603
17-2712,7/19/17,17,37.9,890
,7/21/17,10,10.85,141
17-2739,7/21/17,21,71.48,419
17-2756,7/22/17,14,47.25,170
17-2763,7/22/17,25,78.53,874
17-2780,7/23/17,10,42.33,495
17-2777,7/23/17,13,56.67,745
17-ES-030,7/23/17,6,20,150
17-2819,7/25/17,9,51.58,426
17-ES-034,7/30/17,20,102.42,941
17-2904,7/31/17,193,2913.37,19356
17-2930,8/3/17,11,18.83,660
17-2992,8/5/17,25,64.33,542
17-2991,8/5/17,16,18.62,347
17-3065,8/9/17,6,10.45,210
17-1908,8/10/17,3,23.5,240
17-3113,8/12/17,19,34.52,994
17-2905,8/12/17,5,0.08,85
13-3132,8/14/17,6,6.25,0
17-3160,8/16/17,19,7.43,186
17-3173,8/17/17,11,65.83,1085
17-ES-038,8/24/17,2,38,300
17-3288,8/25/17,24,95.88,1110
17-3298,8/26/17,15,8.63,95
17-ES-038,8/26/17,3,25.5,600
17-3318,8/27/17,15,22.42,389
17-3313,8/27/17,26,76.83,1300
17-3359,8/29/17,43,331.73,2860
17-3394,8/31/17,20,102.17,1564
17-ES-038,9/2/17,36,409.75,5737
17-3441,9/4/17,2,4.83,75
17-3430,9/4/17,3,2.87,
17-ES-038,9/8/17,3,32,180
17-ES-044,9/9/17,29,123.98,978
17-3547,9/10/17,27,72.47,1676
17-3546,9/10/17,3,4.28,40
17-ES-045,9/14/17,17,87.92,645
17-3608,9/15/17,165,2732.3,18458
17-3629,9/16/17,8,24.45,60
17-3628,9/16/17,5,17.23,150
17-ES-046,9/16/17,1,12,80
17-3642,9/17/17,14,22.12,640
17-3651,9/18/17,16,52.75,665
17-3651,9/18/17,7,36.5,465
17-ES-049,9/21/17,3,8,86
17-3730,9/25/17,25,154.42,1682
17-3759,9/27/17,14,30.32,641
17-3787,9/28/17,21,76.25,1630
17-3782,9/28/17,16,43.58,370
17-3777,9/28/17,4,4.25,170
17-3608,9/30/17,88,1095.78,6758
17-3835,10/2/17,11,6.18,71
17-ES-047,10/2/17,2,17.5,215
17-3896,10/7/17,28,62.23,1310
17-3895,10/7/17,16,15.35,505
17-ES-012,10/7/17,9,85.17,555
17-3608,10/14/17,35,361.75,2750
17-4012,10/16/17,29,297.92,2296
17-4057,10/18/17,31,165.42,1675
17-4092,10/21/17,10,201.67,1694
17-ES-053,10/21/17,26,125.83,1379
17-4137,10/26/17,2,28,210
17-4184,10/28/17,17,40.08,615
17-ES-054,10/28/17,17,180,1415
17-4244,10/31/17,40,222.68,1954
17-4239,10/31/17,22,59.67,828
17-ES-055,11/7/17,3,5,80
17-ES-057,11/11/17,32,191.62,1914
17-4411,11/12/17,16,34.08,585
17-4413,11/13/17,6,27.75,760
17-4479,11/17/17,13,20.32,433
17-3945,11/18/17,13,148,1657
17-4547,11/22/17,34,116.75,1665
17-4596,11/26/17,5,15.13,267
17-4675,12/3/17,43,167.32,2869
17-ES-059,12/8/17,2,5,60
17-4747,12/9/17,10,30.52,721
17-4791,12/13/17,24,69.05,1161
18-0036,1/3/18,2,4.77,
18-0034,1/3/18,3,2.2,
18-0033,1/3/18,65,364.83,2201
18-0114,1/11/18,16,39.78,608
18-0135,1/12/18,5,3.38,46
18-0176,1/15/18,3,5.17,50
18-0229,1/20/18,39,181.75,1767
18-0248,1/21/18,49,292.9,2001
18-0248,1/24/18,1,5,66
18-0389,1/31/18,25,98.38,1626
18-0484,2/8/18,25,68.28,1120
18-0522,2/11/18,39,120,1175
18-0520,2/11/18,40,77.05,1057
18-0541,2/13/18,10,19.5,600
18-0571,2/15/18,22,15.48,146
18-0591,2/16/18,17,24.15,433
18-0618,2/19/18,27,108.2,1041
18-0652,2/21/18,9,16.82,254
18-0696,2/25/18,42,280.22,3356
18-0692,2/25/18,20,72.07,1486
18-0697,2/26/18,23,145.42,774
18-0766,3/3/18,17,33.08,975
18-0764,3/3/18,17,101.57,1420
18-0760,3/3/18,98,295.17,800
18-0777,3/4/18,10,65.75,935
18-0777,3/5/18,13,123.25,1071
18-0908,3/12/18,45,253.9,2531
18-0914,3/13/18,5,35,800
18-0980,3/18/18,35,79.42,1012
18-1016,3/21/18,37,90.85,2658
18-1051,3/24/18,33,73.6,1049
18-0978,3/25/18,6,44.5,355
18-1077,3/27/18,34,204.07,1564
18-1155,4/2/18,21,64.5,617
18-1216,4/7/18,57,268.13,2123
18-1420,4/21/18,26,50.42,1125
17-3608,4/28/18,71,950.78,5505
18-1517,4/29/18,53,487.02,2806
18-1557,5/2/18,38,68.32,1042
18-1576,5/3/18,33,132.77,1716
18-1506,5/5/18,4,51.92,688
17-ES-046,5/9/18,61,1023.62,11372
17-ES-046,5/11/18,9,149,1155
18-1720,5/13/18,21,85.28,952
18-1716,5/13/18,10,29.17,900
17-ES-046,5/18/18,72,1731.3,11498
18-1807,5/20/18,5,15.33,0
18-1818,5/21/18,7,28,83
18-1829,5/22/18,2,2.95,41
18-1884,5/26/18,8,23.83,30
18-1943,5/30/18,24,106.65,1833
18-1993,6/2/18,5,18.17,95
18-2008,6/3/18,6,11.25,92
18-2009,6/3/18,83,1137.07,6619
18-2050,6/7/18,4,5.5,
18-2048,6/7/18,19,29.67,506
18-2099,6/10/18,27,127.1,3795
18-2088,6/10/18,23,50,810
18-2133,6/13/18,36,128.45,1605
18-2156,6/15/18,19,137.3,1576
18-2165,6/16/18,11,34.33,275
18-2178,6/17/18,29,61.18,946
18-2197,6/18/18,3,2.32,20
18-2230,6/20/18,9,43.53,810
18-2261,6/22/18,3,3,0
18-2272,6/23/18,29,129.13,1039
18-2261,6/23/18,6,70.67,575
,6/24/18,1,9.5,247
18-2315,6/27/18,8,40.5,420
18-2332,6/28/18,27,96.25,1688
18-2337,6/29/18,14,36.15,304
18-2358,6/30/18,5,11.67,
18-2416,7/4/18,44,312.82,2861
18-2415,7/4/18,27,31.05,483
18-2404,7/4/18,32,198.83,1323
18-2477,7/8/18,33,188.02,2069
,7/14/18,5,94,429
18-2587,7/15/18,44,226.02,3337
18-2623,7/16/18,14,12.25,76
18-2688,7/20/18,35,152.42,1818
18-ES-017,7/21/18,5,36,265
18-2728,7/23/18,14,13.35,456
18-2754,7/25/18,17,67.27,953
18-2769,7/26/18,29,95.75,1589
18-2858,8/2/18,73,1515.85,9378
18-2899,8/4/18,27,50.45,580
18-2858,8/8/18,7,89.58,1067
18-2973,8/9/18,12,16.15,190
18-3018,8/14/18,9,168.58,1148
18-3134,8/17/18,32,146.2,2576
18-2858,8/17/18,6,103,410
18-3143,8/18/18,5,5.5,
18-3172,8/19/18,6,20.5,270
,8/25/18,4,16,250
18-3249,8/26/18,37,183.57,1288
18-3330,9/1/18,32,101.75,2142
17-ES-057,9/1/18,42,319.42,2366
18-3349,9/2/18,18,91.33,672
18-3391,9/5/18,60,569.17,4839
18-3457,9/8/18,13,36.05,260
18-3471,9/9/18,8,2.43,15
18-3465,9/9/18,41,156.25,2715
17-ES-057,9/9/18,38,297.92,2319
18-3487,9/10/18,9,61.75,525
18-3489,9/12/18,6,75.5,345
18-1680,9/13/18,0,,
18-3531,9/14/18,11,10.58,290
18-3634,9/23/18,57,363.22,3585
18-ES-033,9/23/18,6,40.58,480
18-3675,9/26/18,20,60.37,1324
18-3691,9/27/18,19,163.97,1231
18-3705,9/29/18,67,586.75,5430
18-ES-037,9/29/18,35,183.58,1340
18-3725,9/30/18,8,13,110
18-9781,10/4/18,1,8.5,230
18-9781,10/9/18,1,4,120
18-3797,10/9/18,2,30.5,210
18-9781,10/11/18,2,17,270
18-3856,10/12/18,12,30.83,477
18-ES-041,10/13/18,47,606.05,5466
18-ES-041,10/14/18,14,172.05,1238
18-3897,10/15/18,12,10.52,80
18-3921,10/16/18,8,58.9,470
18-ES-043,10/17/18,4,17,126
18-4944,10/18/18,28,102.25,1404
18-ES-041,10/20/18,39,492.33,5122
18-3991,10/22/18,4,12.58,120
18-4025,10/24/18,26,89.42,1283
18-4016,10/24/18,12,18.58,305
18-4074,10/27/18,38,220.62,2411
18-ES-043,10/28/18,5,25,154
18-4112,10/30/18,8,93.42,1875
18-4206,11/5/18,3,5.5,55
18-4303,11/13/18,46,505.23,7308
18-4338,11/17/18,23,48.43,810
18-4400,11/22/18,13,35.1,489
18-4417,11/23/18,8,16.92,139
18-4426,11/24/18,37,168.13,1345
18-4528,12/3/18,27,130.92,1765
18-4570,12/7/18,17,82.08,779
18-4637,12/11/18,31,178.53,1463
18-4615,12/18/18,9,60.5,835
18-4708,12/18/18,34,73.05,909
18-4757,12/21/18,38,192.98,1566
18-ES-049,12/23/18,36,175.65,1204
18-4790,12/24/18,7,47.83,686
19-0006,1/1/19,10,17.9,185
19-0001,1/1/19,35,62.77,1052
19-0116,1/10/19,17,8.07,95
19-ES-001,1/12/19,40,242.75,1564
19-ES-004,1/13/19,3,10,148
19-ES-004,1/14/19,2,5,64
19-ES-004,1/16/19,2,5,42
19-ES-004,1/19/19,41,322.72,2310
19-0221,1/20/19,7,42.17,832
19-0242,1/22/19,12,19.5,257
19-0294,1/27/19,8,40.8,22
19-0309,1/29/19,49,319.82,3256
19-0351,2/1/19,10,12.28,138
19-ES-008,2/2/19,3,6,120
19-0420,2/6/19,5,11.5,170
19-0427,2/7/19,2,12,260
19-0410,2/8/19,54,1126.12,8310
19-ES-009,2/12/19,10,82.47,301
19-0500,2/13/19,10,43.67,433
19-0572,2/18/19,47,346.75,2112
19-ES-010,2/23/19,3,20,140
19-0717,3/2/19,22,130.92,895
19-0728,3/3/19,24,53.28,960
19-0745,3/4/19,8,2.75,
19-0739,3/4/19,24,74.83,630
19-0753,3/5/19,6,19.5,130
19-0750,3/5/19,18,35.8,660
19-0821,3/11/19,3,2.42,60
19-0815,3/11/19,4,14.25,375
19-0865,3/15/19,13,40.82,250
19-0897,3/17/19,23,58.67,922
19-ES-026,3/17/19,26,164.75,1320
19-0959,3/23/19,15,144.67,814
19-0959,3/23/19,35,324.35,1794
19-0969,3/24/19,37,187.42,1601
19-1004,3/28/19,10,6.4,73
19-1021,3/29/19,41,84.38,2553
19-ES-015,3/30/19,2,7,84
19-1056,3/31/19,44,155.25,3220
19-1068,4/2/19,6,36.25,342
19-1084,4/3/19,63,309.3,2000
19-ES-025,4/11/19,4,18.83,130
19-ES-025,4/13/19,61,544.05,2823
19-ES-026,4/17/19,2,6.75,60
19-ES-026,4/18/19,2,26,110
19-ES-026,4/19/19,7,96.33,1170
19-1272,4/20/19,51,20.68,1546
19-ES-026,4/20/19,49,671.75,8735
19-1290,4/21/19,43,289.25,2091
19-1282,4/21/19,29,101.25,1307
19-1278,4/21/19,43,116.37,2654